experiment,frame,file,download,jaccard,spanning_tree,layout_time,quality,fdl_init,frameTime,totalEnergy,avgMotion,maxMotion,trustworthy_k_idx,trustworthy_q_local,trustworthy_q_global,continuity_k_idx,continuity_q_local,continuity_q_global,lcmc_k_idx,lcmc_q_local,lcmc_q_global
animate_airport_random,1,large_data/airport.json,41,8,11,0,0.19999992847442627,908.6000000238419,0,272120.44020489766,562.219788374293,1057.6578516968173,18,0.5477256538850601,0.5409719681695447,18,0.5175947149612155,0.5180697951836453,18,0.004300223608405926,0.006760753734330993
animate_airport_random,2,large_data/airport.json,41,8,11,0,0.19999992847442627,908.6000000238419,1213.3000000715256,188526.07712637566,65.18855640466997,244.73507788580181,18,0.5771080968884336,0.5587223542648191,18,0.5222514212336338,0.5215317147843437,18,0.005051005712053009,0.007142537208560607
animate_airport_random,3,large_data/airport.json,41,8,11,0,0.19999992847442627,908.6000000238419,899.7999999523163,174595.17363746976,60.323439935309814,216.85279754252505,18,0.6166923459300512,0.5870977834018414,18,0.5323958890707965,0.5335207122226837,18,0.00943696767861371,0.011578497575799948
animate_airport_random,4,large_data/airport.json,41,8,11,0,0.19999992847442627,908.6000000238419,699.6999999284744,175460.0142244902,60.57416074596362,233.84247564004033,18,0.6594132604589182,0.6211150985337885,18,0.5531269072727978,0.5526964458442718,18,0.01825157237108423,0.02119580509329836
animate_airport_random,5,large_data/airport.json,41,8,11,0,0.19999992847442627,908.6000000238419,787.8999999761581,169426.92162355673,58.48728043125537,228.73750398893387,18,0.6993252449137691,0.6552221357471141,18,0.5750335178229912,0.5738461413242079,18,0.03156509630950234,0.035776297775781764
animate_airport_random,6,large_data/airport.json,41,8,11,0,0.19999992847442627,908.6000000238419,604.5,158652.98950466412,54.77960425477987,237.62683040704727,18,0.7340166592594507,0.6864234174302792,18,0.597660388413489,0.5958667634824999,18,0.04816682112306975,0.05326561692858606
animate_airport_random,7,large_data/airport.json,41,8,11,0,0.19999992847442627,908.6000000238419,647.2000000476837,147739.3982949561,51.05018178359957,241.7275594370278,18,0.7633148245646248,0.7139173527906225,18,0.6236446689609384,0.6200829332753738,18,0.06819812019539628,0.07408190635681985
animate_airport_random,8,large_data/airport.json,41,8,11,0,0.19999992847442627,908.6000000238419,765.7999999523163,138963.4781300852,48.127455783554566,269.003708810258,18,0.7882511999859583,0.7380207772860865,18,0.6467481113379772,0.6420791313005901,18,0.08588913274387945,0.09188028832209573
animate_airport_random,9,large_data/airport.json,41,8,11,0,0.19999992847442627,908.6000000238419,623.0999999046326,131943.75784365443,45.7561918749304,279.9531098342754,18,0.8097080100149409,0.7594885316492643,18,0.6706333850038142,0.6611335493086807,18,0.10328612477838885,0.10902418433154942
animate_airport_random,10,large_data/airport.json,41,8,11,0,0.19999992847442627,908.6000000238419,654,126463.30842021653,43.94789683262895,253.23784033655824,18,0.8280030032997711,0.7784402516609934,18,0.6860780123395827,0.6750437681986096,18,0.11523665197710427,0.12045950839299836
animate_airport_random,11,large_data/airport.json,41,8,11,0,0.19999992847442627,908.6000000238419,841.1999999284744,120865.19958288255,42.04487748825376,197.41031736446266,18,0.8429071432263574,0.7944711293435145,18,0.6974516555403584,0.6887938007810231,18,0.12463536106662577,0.13380374982559542
animate_airport_random,12,large_data/airport.json,41,8,11,0,0.19999992847442627,908.6000000238419,708.2000000476837,115352.37881184778,40.08265695038616,149.38693039039583,18,0.8547495462960919,0.807622380817584,18,0.711180330519933,0.7005746574434499,18,0.13405451626488796,0.14382102098276295
animate_airport_random,13,large_data/airport.json,41,8,11,0,0.19999992847442627,908.6000000238419,738.1999999284744,109585.27641385465,38.03086547499817,128.9056920605521,18,0.8641314863647873,0.8183615257008554,18,0.7274123737107634,0.7141902843955441,18,0.14180950347210855,0.1519475549342219
animate_airport_random,14,large_data/airport.json,41,8,11,0,0.19999992847442627,908.6000000238419,914,104026.19671166062,36.082011188049876,145.6301483975732,18,0.8719618570696988,0.8275986022473701,18,0.7381485439452455,0.7256420650080284,18,0.14956783280706595,0.16140124096276476
animate_airport_random,15,large_data/airport.json,41,8,11,0,0.19999992847442627,908.6000000238419,801.3999999761581,98887.2438776715,34.273126765284694,150.68470193846312,18,0.8788768797215167,0.8360483443924225,18,0.7447633451507741,0.7334693245566526,18,0.15491442721259396,0.16900055011647808
animate_airport_random,16,large_data/airport.json,41,8,11,0,0.19999992847442627,908.6000000238419,823,93711.8327583759,32.46269624425317,147.8545497329893,18,0.8849856720310685,0.8437015922937334,18,0.7503615366515864,0.7390609043174392,18,0.1575931263852059,0.17394555511602355
animate_airport_random,17,large_data/airport.json,41,8,11,0,0.19999992847442627,908.6000000238419,1041.3999999761581,88346.79719959543,30.591127569765185,134.82139610309244,18,0.8903015588737774,0.850345951712303,18,0.7567492707808011,0.7444642097007241,18,0.16309911780593367,0.17878147912293202
animate_airport_random,18,large_data/airport.json,41,8,11,0,0.19999992847442627,908.6000000238419,857.1000000238419,83020.22958478138,28.74266438717744,122.35524937124184,18,0.8948500567569585,0.8560107658383745,18,0.7655205808993527,0.7494040270647544,18,0.1701142791975978,0.18556268083186758
animate_airport_random,19,large_data/airport.json,41,8,11,0,0.19999992847442627,908.6000000238419,848.1000000238419,77754.7958626343,26.91193337265911,108.69243559133022,18,0.8987789749038462,0.8607889325879221,18,0.7702417286991717,0.7544743832744749,18,0.1723426407489131,0.1889441916036156
animate_airport_random,20,large_data/airport.json,41,8,11,0,0.19999992847442627,908.6000000238419,1066.6999999284744,72977.42050787571,25.244074474813786,111.04848319093183,18,0.9022255729509914,0.8649398371416809,18,0.7731595695477754,0.7579371522999941,18,0.17411748847121922,0.19174393708129944
animate_airport_random,21,large_data/airport.json,41,8,11,0,0.19999992847442627,908.6000000238419,1076.6999999284744,68313.0291700625,23.617964230777243,107.19718387002862,18,0.9053273155299202,0.8687341797796733,18,0.7768440432895668,0.7641053837508629,18,0.17503840736641765,0.19412553875387467
animate_airport_random,22,large_data/airport.json,41,8,11,0,0.19999992847442627,908.6000000238419,1013.7999999523163,64255.036861205095,22.20282911218539,102.3376985095487,18,0.9081630965321512,0.8722703986961762,18,0.7810294371704591,0.7687432749642409,18,0.17824616584264102,0.19830697680496093
animate_airport_random,23,large_data/airport.json,41,8,11,0,0.19999992847442627,908.6000000238419,1172.8000000715256,60547.732615785986,20.90218110708097,100.52578753571898,18,0.910687341813249,0.8754654911404739,18,0.7842010325841049,0.7704308475393526,18,0.18252510127087038,0.20172484790758796
animate_airport_random,24,large_data/airport.json,41,8,11,0,0.19999992847442627,908.6000000238419,1031.7000000476837,57033.10841581537,19.677636735164082,100.20459553581817,18,0.9129884781874535,0.8783937944623176,18,0.7880870005889657,0.7734764602322626,18,0.18429012110346782,0.2038701074294496
animate_airport_random,25,large_data/airport.json,41,8,11,0,0.19999992847442627,908.6000000238419,918.5,53691.93665462566,18.517900823889125,100.40600249017773,18,0.9150670915582887,0.8810239433332725,18,0.7921742081223815,0.7764234762561171,18,0.1872414856922482,0.20699709588504456
animate_airport_random,26,large_data/airport.json,41,8,11,0,0.19999992847442627,908.6000000238419,1042.1000000238419,50493.99253675872,17.411853515242026,102.95991084851583,18,0.9169669632446062,0.8834640302312068,18,0.7949094010154749,0.7790667088049,18,0.19014283385147843,0.20905145457970867
animate_airport_random,27,large_data/airport.json,41,8,11,0,0.19999992847442627,908.6000000238419,977.5,47355.44752485006,16.3231536742016,104.83094723811149,18,0.9187015469505095,0.8857064927396235,18,0.7965495939269694,0.7815030176640811,18,0.19215514526827357,0.21103309261261477
animate_airport_random,28,large_data/airport.json,41,8,11,0,0.19999992847442627,908.6000000238419,952.8999999761581,44556.05758037825,15.35453479601162,102.44385554087744,18,0.9203203431196662,0.8877834061539738,18,0.7985950383259525,0.7826591418953253,18,0.19374899375018126,0.2130692711418394
animate_airport_random,29,large_data/airport.json,41,8,11,0,0.19999992847442627,908.6000000238419,1022.0999999046326,41856.88607375138,14.42418283149008,102.10945081264617,18,0.9217914882817709,0.8896842350708899,18,0.8019279870708308,0.7854552011828446,18,0.19520524262451913,0.2153781521526566
animate_airport_random,30,large_data/airport.json,41,8,11,0,0.19999992847442627,908.6000000238419,881.9000000953674,39473.23058646075,13.602010512865895,100.29955473621193,18,0.9231521355378443,0.8914510577139281,18,0.8031416987552328,0.7886202341308924,18,0.19660131909230474,0.21808699680314292
animate_airport_random,31,large_data/airport.json,41,8,11,0,0.19999992847442627,908.6000000238419,790.6000000238419,37464.93199133166,12.91203598282734,99.44479816534505,18,0.9244026316577653,0.8930972113205659,18,0.8058373244037431,0.7909202736963405,18,0.19870939224244671,0.2210321836043428
animate_airport_random,32,large_data/airport.json,41,8,11,0,0.19999992847442627,908.6000000238419,930.2000000476837,35468.475194124134,12.22766945194287,95.51806692802472,18,0.9255609896753608,0.8946174408671008,18,0.8087340599449325,0.7932609081614065,18,0.20104212337665267,0.2229592811409304
animate_airport_random,33,large_data/airport.json,41,8,11,0,0.19999992847442627,908.6000000238419,797.2999999523163,33733.364118027246,11.631807328880358,90.10194807326151,18,0.9265967043054361,0.8960281960356863,18,0.8112269741564914,0.7952474972902077,18,0.20319106298558923,0.22517726132455004
animate_airport_random,34,large_data/airport.json,41,8,11,0,0.19999992847442627,908.6000000238419,776.5,32139.09763553856,11.075280619060104,83.6413803121379,18,0.9275830152960113,0.8973546616383422,18,0.8123979528755478,0.7965397767133462,18,0.20521136187261235,0.22623171092004138
animate_airport_random,35,large_data/airport.json,41,8,11,0,0.19999992847442627,908.6000000238419,892.1000000238419,30695.0554388914,10.564784987901215,76.65065691950387,18,0.9284803104669503,0.8985908600063713,18,0.8145513906483266,0.7977328002123408,18,0.20662802725901935,0.22648623323619446
animate_airport_random,36,large_data/airport.json,41,8,11,0,0.19999992847442627,908.6000000238419,764.3999999761581,29310.489117325862,10.067211403293667,69.74437267143709,18,0.9293091171587913,0.8997390985325693,18,0.8152127320087563,0.7985331739186925,18,0.2079860829434999,0.22819516878750798
animate_airport_random,37,large_data/airport.json,41,8,11,0,0.19999992847442627,908.6000000238419,834.8999999761581,27956.66329835304,9.576531765887223,63.30148632663815,18,0.9300660671895539,0.9008129046241471,18,0.8158371200244503,0.7990194189163403,18,0.20893770025403557,0.22946778036827337
animate_airport_random,38,large_data/airport.json,41,8,11,0,0.19999992847442627,908.6000000238419,958.3000000715256,26727.770215478326,9.126385289935616,57.44703603446253,18,0.9307637403460738,0.9018126712985589,18,0.8169027759744133,0.7991472763687584,18,0.21071023818365636,0.23034042830936963
animate_airport_random,39,large_data/airport.json,41,8,11,0,0.19999992847442627,908.6000000238419,714.8000000715256,25740.640472267765,8.761850179829056,52.28655810816005,18,0.9314334005283578,0.9027731869394875,18,0.8177995811006116,0.7995177904041473,18,0.2113241474800473,0.2322857060113967
animate_airport_random,40,large_data/airport.json,41,8,11,0,0.19999992847442627,908.6000000238419,688.8999999761581,24823.920723373387,8.42153016356254,47.762994838094535,18,0.9320650914678787,0.903668924429387,18,0.8184708933393848,0.8007038663687917,18,0.2122591669820264,0.23375829941199666
animate_airport_random,41,large_data/airport.json,41,8,11,0,0.19999992847442627,908.6000000238419,942.2999999523163,23991.607690146546,8.10534793610653,43.869548326695174,18,0.9326591738183228,0.9045167011118995,18,0.8190606528651089,0.8014942054520799,18,0.21351500567877063,0.2349036498346855
animate_airport_random,42,large_data/airport.json,41,8,11,0,0.19999992847442627,908.6000000238419,777.5,23337.13668702517,7.848719890712391,42.748222303619,18,0.9332286026395643,0.905320225296875,18,0.8210089349293034,0.8030789722679781,18,0.21527180581043107,0.23697618869478912
animate_airport_random,43,large_data/airport.json,41,8,11,0,0.19999992847442627,908.6000000238419,804.7000000476837,22631.876560973866,7.578861296854997,42.41706939110117,18,0.9337685755163571,0.9060716112792664,18,0.8220694829397626,0.8047783353667123,18,0.2164251372134323,0.23872148457698164
animate_airport_random,44,large_data/airport.json,41,8,11,0,0.19999992847442627,908.6000000238419,940.2999999523163,21964.168155736133,7.3213950653463575,41.85738343769071,18,0.9342788151606625,0.9067917270180887,18,0.823032068947185,0.8063610166545079,18,0.21741221267818225,0.2395032316908804
animate_airport_random,45,large_data/airport.json,41,8,11,0,0.19999992847442627,908.6000000238419,700.7999999523163,21287.5355821248,7.063677471259858,41.097556578420985,18,0.9347506764521953,0.9074619929301483,18,0.8238329087889489,0.8077497565066692,18,0.2188310682201879,0.24088492426428282
animate_airport_random,46,large_data/airport.json,41,8,11,0,0.19999992847442627,908.6000000238419,718.3999999761581,20692.215093478837,6.8342078066413645,40.177059508039875,18,0.9352079430371094,0.9081014576839881,18,0.8247598860536113,0.8085977740708501,18,0.21999740481699118,0.24206663501785067
animate_airport_random,47,large_data/airport.json,41,8,11,0,0.19999992847442627,908.6000000238419,867.1000000238419,20058.609494166354,6.590149895088659,39.200962595992166,18,0.9356373979599599,0.9087114841627152,18,0.8259834429139256,0.8091730185048848,18,0.22117127595653166,0.24297564328982593
animate_airport_random,48,large_data/airport.json,41,8,11,0,0.19999992847442627,908.6000000238419,779.4000000953674,19457.983862421937,6.364248719783023,38.15708487068219,18,0.9360506867494938,0.909301555497158,18,0.8270208870965389,0.810343227974565,18,0.2222418906640372,0.2438664713963617
animate_airport_random,49,large_data/airport.json,41,8,11,0,0.19999992847442627,908.6000000238419,822.5,18831.581920711134,6.130430097293924,37.07524220136729,18,0.9364532236010142,0.9098750567086151,18,0.8285525120110963,0.8116389241139574,18,0.22319474831814617,0.2451390829771271
animate_airport_random,50,large_data/airport.json,41,8,11,0,0.19999992847442627,908.6000000238419,1012.2999999523163,18257.396278169035,5.9174579450905815,35.97845880851753,18,0.9368228593611201,0.9104059155262991,18,0.8300931857717863,0.8133953254554716,18,0.2237036792034867,0.24635715406157394
animate_airport_random,51,large_data/airport.json,41,8,11,0,0.19999992847442627,908.6000000238419,829.3999999761581,17750.402454189352,5.729606048594977,34.87612159725365,18,0.9371843529536042,0.9109189047278023,18,0.8319006673688473,0.8148011108549594,18,0.22440989708595505,0.24732070282986773
animate_airport_random,52,large_data/airport.json,41,8,11,0,0.19999992847442627,908.6000000238419,1085.5,17248.62438247993,5.5417263093595555,33.790888330579214,18,0.9375316315632806,0.9114118437001535,18,0.8331023790552723,0.8158195965703716,18,0.22460537585804494,0.2477570268004159
animate_airport_random,53,large_data/airport.json,41,8,11,0,0.19999992847442627,908.6000000238419,879.3999999761581,16814.355048048263,5.376751390575796,32.71882061506722,18,0.9378611744435303,0.9118804663022785,18,0.8342435720475363,0.8169273226038368,18,0.22570671607559295,0.24837515242535907
animate_airport_random,54,large_data/airport.json,41,8,11,0,0.19999992847442627,908.6000000238419,758.1000000238419,16374.661799592064,5.212484890231368,31.682147705633664,18,0.9381703772505774,0.9123243604997477,18,0.8349972724717545,0.8175778172023591,18,0.2258951277234597,0.24877511606502817
animate_airport_random,55,large_data/airport.json,41,8,11,0,0.19999992847442627,908.6000000238419,766.1999999284744,15941.856225013205,5.051733600195241,30.651917593139164,18,0.9384681947647638,0.9127502075892835,18,0.8353879509362807,0.8177336676398954,18,0.22622907461223407,0.24902963838118125
animate_airport_random,56,large_data/airport.json,41,8,11,0,0.19999992847442627,908.6000000238419,901.7999999523163,15501.025790048236,4.8894030680788845,29.633661059004083,18,0.9387462063478003,0.9131510536975439,18,0.8356841444568679,0.8183953061849374,18,0.22680672589910342,0.24932052102821334
animate_airport_random,57,large_data/airport.json,41,8,11,0,0.19999992847442627,908.6000000238419,747.6999999284744,15109.561552505504,4.744087486171793,28.63401929212381,18,0.9390154117133744,0.913532312323009,18,0.8361303854164855,0.8190983573594627,18,0.22747592312008025,0.24984774582595903
animate_airport_random,58,large_data/airport.json,41,8,11,0,0.19999992847442627,908.6000000238419,836.5,14717.088657888695,4.5995821766779414,27.67186440957673,18,0.9392763543723225,0.9138953717047517,18,0.8365683400239264,0.8199922692198969,18,0.22729858829955568,0.2501386284729911
animate_airport_random,59,large_data/airport.json,41,8,11,0,0.19999992847442627,908.6000000238419,919,14365.107401748928,4.470075135629717,27.57171660107593,18,0.939535091130468,0.9142552045399751,18,0.8373064986450893,0.8205077623229219,18,0.22773595907688887,0.25099309624864785
animate_airport_random,60,large_data/airport.json,41,8,11,0,0.19999992847442627,908.6000000238419,748.4000000953674,14006.56005242455,4.341083359342106,27.14684472910674,18,0.9397843548582163,0.9145991772192273,18,0.837644430111748,0.8210064824552434,18,0.22790046198191802,0.25122943839936146
animate_airport_random,61,large_data/airport.json,41,8,11,0,0.19999992847442627,908.6000000238419,735.2999999523163,13665.639470241811,4.219273896081393,27.038840036842302,18,0.9400192696060969,0.9149308395775778,18,0.8381902965399162,0.8212865834592089,18,0.22824396774454567,0.25166576236990956
animate_airport_random,62,large_data/airport.json,41,8,11,0,0.19999992847442627,908.6000000238419,902.6999999284744,13321.554721343358,4.099859574199825,26.615964027157172,18,0.9402449182291361,0.9152482899176673,18,0.8385769053881286,0.8215202133187163,18,0.22887945043288319,0.25206572600957866
animate_airport_random,63,large_data/airport.json,41,8,11,0,0.19999992847442627,908.6000000238419,739.3999999761581,12973.314517779354,3.9788455221854337,25.935954453319106,18,0.9404676811157214,0.9155591350289303,18,0.8391192552770569,0.8220131966640065,18,0.22914193960309864,0.2527383921308404
animate_airport_random,64,large_data/airport.json,41,8,11,0,0.19999992847442627,908.6000000238419,772.4000000953674,12643.621830237475,3.8646074958223764,25.927089064546927,18,0.9406771945921115,0.915856902801357,18,0.8392586240723058,0.8223835712415885,18,0.22941388302580065,0.25292019378523545
animate_airport_random,65,large_data/airport.json,41,8,11,0,0.19999992847442627,908.6000000238419,1074.1000000238419,12339.16265381086,3.7564724211501637,26.035391952349975,18,0.9408805606421141,0.9161484203284652,18,0.8397844167643665,0.822552150373447,18,0.23018050385710365,0.253192896266828
animate_airport_random,66,large_data/airport.json,41,8,11,0,0.19999992847442627,908.6000000238419,862.2999999523163,12037.561127963238,3.6529020174860523,25.73514629481861,18,0.9410698301366429,0.9164241157335484,18,0.8405233277591951,0.8230817540708754,18,0.23054035344068247,0.25392010288440825
animate_airport_random,67,large_data/airport.json,41,8,11,0,0.19999992847442627,908.6000000238419,928.7000000476837,11733.104414938285,3.5495017371512905,25.580560686613094,18,0.9412526537171433,0.9166906069234155,18,0.8410519989990684,0.8231708993040602,18,0.23118179879668807,0.2539382830498478
animate_airport_random,68,large_data/airport.json,41,8,11,0,0.19999992847442627,908.6000000238419,1030.2000000476837,11457.675927545977,3.457725909025588,24.960243043449395,18,0.9414270828857857,0.9169487306449045,18,0.8414485534326163,0.8232687923450944,18,0.2313053146206594,0.2539746433807268
animate_airport_random,69,large_data/airport.json,41,8,11,0,0.19999992847442627,908.6000000238419,809.5,11186.176915353071,3.3679068612998537,23.822050764322828,18,0.9415974568242991,0.9171987277796805,18,0.8416887535513838,0.8232023153444251,18,0.2316654947333286,0.2541928053660008
animate_airport_random,70,large_data/airport.json,41,8,11,0,0.19999992847442627,908.6000000238419,720,10923.183757918527,3.2795350557594216,23.366858863385517,18,0.9417624669819831,0.9174429120595301,18,0.8420290156806912,0.8228894861289175,18,0.2323551374850967,0.2543382466895169
animate_airport_random,71,large_data/airport.json,41,8,11,0,0.19999992847442627,908.6000000238419,962.1999999284744,10652.230131054206,3.1885906109717324,22.409040697676716,18,0.9419252338237631,0.917681093314717,18,0.842194230659316,0.8228737400747859,18,0.23281665242957755,0.2544109673512749
animate_airport_random,72,large_data/airport.json,41,8,11,0,0.19999992847442627,908.6000000238419,722.7000000476837,10382.291895831295,3.098647429734588,22.07460965554381,18,0.9420790447321709,0.917912789781911,18,0.842323784328668,0.8231233758870662,18,0.23328038933723397,0.2550836334725366
animate_airport_random,73,large_data/airport.json,41,8,11,0,0.19999992847442627,908.6000000238419,736.3999999761581,10138.03972637811,3.0162702257212777,21.188738744514723,18,0.9422258509148316,0.9181347305416554,18,0.8420583139128219,0.8231571690491291,18,0.2335447920539717,0.2556835789320403
animate_airport_random,74,large_data/airport.json,41,8,11,0,0.19999992847442627,908.6000000238419,898.3999999761581,9887.950016852172,2.9309434729628037,19.776574436323685,18,0.942368631565178,0.9183460788471111,18,0.8421354594729655,0.8232134529519554,18,0.23393522654300417,0.25595628141363286
animate_airport_random,75,large_data/airport.json,41,8,11,0,0.19999992847442627,908.6000000238419,704.6000000238419,9657.232066041217,2.8520999964870146,19.3804824001338,18,0.9425095761107207,0.9185515952806663,18,0.8422661222557133,0.8236147744845563,18,0.23412679936250208,0.2567016681966526
animate_airport_random,76,large_data/airport.json,41,8,11,0,0.19999992847442627,908.6000000238419,723,9434.154395430887,2.7753704250399283,18.56416521450912,18,0.9426429930423171,0.918747375023746,18,0.8424177782657177,0.8237000529331121,18,0.2345572112988912,0.2567743888584106
animate_airport_random,77,large_data/airport.json,41,8,11,0,0.19999992847442627,908.6000000238419,989.8000000715256,9224.190307441031,2.703321669420226,17.577748122290362,18,0.9427695175969498,0.9189355606553726,18,0.8424791610302098,0.824008242007064,18,0.23488376571866754,0.2571198120017612
animate_airport_random,78,large_data/airport.json,41,8,11,0,0.19999992847442627,908.6000000238419,708.7000000476837,9012.93015874461,2.632169859955821,16.557630546743383,18,0.942896026955206,0.9191200126211848,18,0.8427020877005374,0.824295588477965,18,0.23537449345413772,0.2572652533252773
animate_airport_random,79,large_data/airport.json,41,8,11,0,0.19999992847442627,908.6000000238419,732,8807.100765539728,2.565382953396737,15.56755960277871,18,0.9430183819808131,0.9192986834270268,18,0.8428585731446537,0.824884334963248,18,0.2359273526095994,0.2576652169649464
animate_airport_random,80,large_data/airport.json,41,8,11,0,0.19999992847442627,908.6000000238419,913.2000000476837,8624.701747992116,2.5064936945010254,14.634285233704071,18,0.9431324075438371,0.9194728979220582,18,0.8429723380074006,0.824686108369568,18,0.23591026459033557,0.25751977564143036
animate_airport_random,81,large_data/airport.json,41,8,11,0,0.19999992847442627,908.6000000238419,740.3999999761581,8423.046943527843,2.4415991779232216,13.77593822803812,18,0.9432404228703488,0.9196365833527137,18,0.8434800170117985,0.8251112962040187,18,0.23644020209663527,0.25790155911565993
animate_airport_random,82,large_data/airport.json,41,8,11,0,0.19999992847442627,908.6000000238419,710,8221.870433092048,2.3789279110181716,13.285712601858966,18,0.943349558069134,0.9197975937290843,18,0.8436345175719037,0.8255630507505711,18,0.23689921460803698,0.2583015227553291
animate_airport_random,83,large_data/airport.json,41,8,11,0,0.19999992847442627,908.6000000238419,868.2999999523163,8023.46835485371,2.316143072994885,12.830695343739166,18,0.9434539290369668,0.9199552381011304,18,0.8439282777217292,0.8258995751151689,18,0.23713489050463094,0.2584106037479661
animate_airport_random,84,large_data/airport.json,41,8,11,0,0.19999992847442627,908.6000000238419,717.2999999523163,7830.142325258688,2.2533539129019804,12.39570209505282,18,0.9435555584147771,0.920108762128899,18,0.8440150976086143,0.8263016256317549,18,0.2373600093539836,0.2587923872221957
animate_airport_random,85,large_data/airport.json,41,8,11,0,0.19999992847442627,908.6000000238419,719.3999999761581,7644.305883894402,2.1933515531451397,11.98118704863001,18,0.9436552903355012,0.9202618297493015,18,0.8441088607988753,0.8264504334500746,18,0.2374624090536013,0.2591923508618648
animate_airport_random,86,large_data/airport.json,41,8,11,0,0.19999992847442627,908.6000000238419,960.9000000953674,7459.0404021446,2.133630748068887,11.585169776420033,18,0.9437468246977512,0.9204063016976427,18,0.8438582571052113,0.8263617699802208,18,0.23754961530995483,0.2592650715236229
animate_airport_random,87,large_data/airport.json,41,8,11,0,0.19999992847442627,908.6000000238419,780.1999999284744,7285.264747434286,2.078703568910813,11.209641737474632,18,0.9438370544286252,0.9205456644190801,18,0.8438166320135367,0.8267698805723911,18,0.23770611592638466,0.25946505334345743
animate_airport_random,88,large_data/airport.json,41,8,11,0,0.19999992847442627,908.6000000238419,764.5,7119.2209037850125,2.0264910078898493,10.850934647358944,18,0.9439249417634792,0.9206834106977624,18,0.8438815005769437,0.8269547889455708,18,0.2381011236270072,0.25950141367433643
animate_airport_random,89,large_data/airport.json,41,8,11,0,0.19999992847442627,908.6000000238419,915.7000000476837,6956.309391234689,1.9746173763989783,10.5085742518361,18,0.9440130465167494,0.9208204596874136,18,0.843761686517071,0.8268547596645026,18,0.23823448245978016,0.25959231450153397
animate_airport_random,90,large_data/airport.json,41,8,11,0,0.19999992847442627,908.6000000238419,758,6794.958761075861,1.9238305278635477,10.17730274459795,18,0.944099280728051,0.9209554294879525,18,0.843897874736912,0.8270383558665032,18,0.23843828966560232,0.2597195756596105
animate_airport_random,91,large_data/airport.json,41,8,11,0,0.19999992847442627,908.6000000238419,733.2000000476837,6638.232483362243,1.8757021263440417,9.858775434953136,18,0.9441802338090012,0.9210827037531799,18,0.8440352377734728,0.8273909052008438,18,0.23864807566685603,0.25988319714856606
animate_airport_random,92,large_data/airport.json,41,8,11,0,0.19999992847442627,908.6000000238419,888.7999999523163,6487.664431866839,1.8303801589890576,9.55192108302924,18,0.9442564818089909,0.9212061873016721,18,0.8439354072969923,0.8271177010192996,18,0.23888247588038694,0.25988319714856606
animate_airport_random,93,large_data/airport.json,41,8,11,0,0.19999992847442627,908.6000000238419,783.1000000238419,6343.556458462429,1.7875167717554254,9.258984850838893,18,0.9443331064309399,0.921329670850164,18,0.8439421351577034,0.8271905296891471,18,0.23888517886973018,0.2601195392992796
animate_airport_random,94,large_data/airport.json,41,8,11,0,0.19999992847442627,908.6000000238419,746.5,6199.25934853213,1.7448416202425459,8.976417689615506,18,0.9444110566425576,0.9214520260582237,18,0.8440283251396151,0.8271236216370759,18,0.2391795487016309,0.26021044012647715
animate_airport_random,95,large_data/airport.json,41,8,11,0,0.19999992847442627,908.6000000238419,991,6059.093593577243,1.7032095561132845,8.793196224433933,18,0.9444857316724836,0.9215710723128788,18,0.8441802961675203,0.8269207168678927,18,0.23923273027484365,0.2601195392992796
animate_airport_random,96,large_data/airport.json,41,8,11,0,0.19999992847442627,908.6000000238419,902.0999999046326,5921.251778972948,1.66202986564192,8.656690408574617,18,0.9445583044478153,0.9216873611063641,18,0.84412079438121,0.8270904180011932,18,0.2392677355046997,0.26031952111911416
animate_airport_random,97,large_data/airport.json,41,8,11,0,0.19999992847442627,908.6000000238419,913.2999999523163,5787.675004672862,1.6221962285244007,8.68726377424012,18,0.9446310072989658,0.9218029779667825,18,0.8444146123732079,0.8270988488594835,18,0.2394687804414282,0.2604104219463117
animate_airport_random,98,large_data/airport.json,41,8,11,0,0.19999992847442627,908.6000000238419,979.3999999761581,5653.7417482390765,1.58258646073941,8.377103858412566,18,0.9447034009640687,0.9219158373660304,18,0.84449790347045,0.8275258559844081,18,0.23941967361021735,0.26053768310438824
animate_airport_random,99,large_data/airport.json,41,8,11,0,0.19999992847442627,908.6000000238419,746,5517.889284174534,1.5420474323125088,8.232665984737068,18,0.9447748519268495,0.9220253307609539,18,0.844697942389435,0.8277419902282163,18,0.23955483487757068,0.26046496244263023
animate_airport_random,100,large_data/airport.json,41,8,11,0,0.19999992847442627,908.6000000238419,754.8000000715256,5386.276808222161,1.5024651634766786,8.34510635441933,18,0.9448415376135972,0.9221319272369009,18,0.8446029622819073,0.8279676836707485,18,0.2395725302104223,0.2607013045933438
animate_airport_random,101,large_data/airport.json,41,8,11,0,0.19999992847442627,908.6000000238419,901,5262.021313354669,1.4648740870062875,8.316436153701584,18,0.9449094919288054,0.9222387709335046,18,0.8446901960301619,0.8279795756182314,18,0.239499168070363,0.26077402525510185
animate_airport_random,102,large_data/airport.json,41,8,11,0,0.19999992847442627,908.6000000238419,1163.8999999761581,5140.674610377963,1.428730608152568,8.896667798614171,18,0.9449706945933141,0.9223414562518832,18,0.8447412166714978,0.8279807800265593,18,0.23944981878234156,0.26086492608229933
animate_airport_random,103,large_data/airport.json,41,8,11,0,0.19999992847442627,908.6000000238419,891.1000000238419,5021.0309544464935,1.3930704124299833,8.987228901375373,18,0.9450358612577665,0.9224441669262273,18,0.8447529815487307,0.8281812633011045,18,0.23953063883281012,0.2608285657514203
animate_airport_random,104,large_data/airport.json,41,8,11,0,0.19999992847442627,908.6000000238419,1041.4000000953674,4902.005964307634,1.3574954254002882,8.688957307511371,18,0.9450949745093672,0.9225397462354757,18,0.8446903599016878,0.8283367397381616,18,0.2396892747262745,0.26086492608229933
animate_airport_random,105,large_data/airport.json,41,8,11,0,0.19999992847442627,908.6000000238419,909.8000000715256,4788.175431176368,1.3242905911756913,8.80220894900914,18,0.9451515422052904,0.9226332336776302,18,0.8449166118731343,0.8285575711744473,18,0.23974990822992162,0.2609376467440574
animate_airport_random,106,large_data/airport.json,41,8,11,0,0.19999992847442627,908.6000000238419,863.5,4678.844307545865,1.29261991063134,8.806410848806664,18,0.9452106461667066,0.9227260428477262,18,0.8449968315693371,0.8285015218142942,18,0.23981506599644925,0.2610285475712549
animate_airport_random,107,large_data/airport.json,41,8,11,0,0.19999992847442627,908.6000000238419,990.2999999523163,4568.452155103334,1.2605060589633201,8.72072609285703,18,0.9452681594947062,0.9228165953369568,18,0.8449450414003957,0.828674449494113,18,0.2399212603534648,0.2611921690602104
animate_airport_random,108,large_data/airport.json,41,8,11,0,0.19999992847442627,908.6000000238419,819.5,4460.9558462137875,1.2292114473702629,9.17857758834835,18,0.9453267484153488,0.9229070337243461,18,0.8449663870022543,0.8287386571359332,18,0.24011096133277093,0.2612285293910895
animate_airport_random,109,large_data/airport.json,41,8,11,0,0.19999992847442627,908.6000000238419,769.4000000953674,4355.781463320397,1.199017884535602,8.962731357457242,18,0.9453818502591879,0.9229951964138958,18,0.8451365941568476,0.828926836428569,18,0.24012442903486675,0.26146487154180303
animate_airport_random,110,large_data/airport.json,41,8,11,0,0.19999992847442627,908.6000000238419,988.6000000238419,4256.352581170894,1.1706395507487737,8.636584298241385,18,0.9454358656728634,0.9230800374720589,18,0.8451723477649249,0.8287014345796317,18,0.24019044833909256,0.2611921690602104
animate_airport_random,111,large_data/airport.json,41,8,11,0,0.19999992847442627,908.6000000238419,804.3999999761581,4158.706036517416,1.1428123046486824,8.397614191521576,18,0.94549025109488,0.9231637375118067,18,0.8454253698988116,0.8287035644806733,18,0.24032602101242473,0.2612648897219685
animate_airport_random,112,large_data/airport.json,41,8,11,0,0.19999992847442627,908.6000000238419,828.3000000715256,4061.044983297677,1.1150345579437715,8.29662999519115,18,0.9455422174616771,0.9232437799536349,18,0.845478266593155,0.8289026848721134,18,0.2405016688801719,0.26153759220356104
animate_airport_random,113,large_data/airport.json,41,8,11,0,0.19999992847442627,908.6000000238419,1062.3999999761581,3967.157120959916,1.0883033477733843,8.08578683656605,18,0.945595833075336,0.9233229919876167,18,0.8457368683178744,0.828879902537757,18,0.24053018449036145,0.2617375740233956
animate_airport_random,114,large_data/airport.json,41,8,11,0,0.19999992847442627,908.6000000238419,1091.5,3876.1318442909665,1.0623651417814144,7.82788049887975,18,0.9456431929160184,0.9233982801860481,18,0.8457915143966345,0.8290029296788831,18,0.24080038712171753,0.2619739161741092
animate_airport_random,115,large_data/airport.json,41,8,11,0,0.19999992847442627,908.6000000238419,832.6000000238419,3788.711340324527,1.037248183338883,7.561318678173463,18,0.9456942659301135,0.9234752989290756,18,0.845796773900344,0.8289548674476371,18,0.24084927168518944,0.26217389799394375
animate_airport_random,116,large_data/airport.json,41,8,11,0,0.19999992847442627,908.6000000238419,938.7999999523163,3702.572171416818,1.0124520072506649,7.296891788923806,18,0.9457416841546838,0.9235485649893158,18,0.8459042503515258,0.8290653370472044,18,0.24084928416200438,0.26221025832482275
animate_airport_random,117,large_data/airport.json,41,8,11,0,0.19999992847442627,908.6000000238419,802.1000000238419,3618.5998247660777,0.988348794488575,7.110349661999742,18,0.9457893853249678,0.9236225600335427,18,0.8459529858178365,0.8290103146036257,18,0.24098489342626683,0.26217389799394375
animate_airport_random,118,large_data/airport.json,41,8,11,0,0.19999992847442627,908.6000000238419,814.6999999284744,3537.9697278653766,0.9652105320560637,6.955260714145371,18,0.9458341232084614,0.9236918071733646,18,0.8460480961553348,0.8290935138630693,18,0.24106515308198623,0.26248296080641537
animate_airport_random,119,large_data/airport.json,41,8,11,0,0.19999992847442627,908.6000000238419,891.7000000476837,3459.5743323767833,0.9429117491334736,6.769734458236331,18,0.9458784925427273,0.9237602746172694,18,0.8460105983105796,0.8291635533767895,18,0.24100414710171442,0.26246478064097584
animate_airport_random,120,large_data/airport.json,41,8,11,0,0.19999992847442627,908.6000000238419,760.5,3381.574358892061,0.9205848997534398,6.564690757136007,18,0.9459217524974185,0.9238259021931186,18,0.8460683827597821,0.8290906676560218,18,0.24110970389755873,0.2623375194828993
animate_airport_random,121,large_data/airport.json,41,8,11,0,0.19999992847442627,908.6000000238419,729.6999999284744,3305.3787097102922,0.8988098145062721,6.349355708614798,18,0.9459625699405892,0.9238912381753726,18,0.8461090997051076,0.8292585875327964,18,0.2411603741758019,0.2624466004755363
animate_airport_random,122,large_data/airport.json,41,8,11,0,0.19999992847442627,908.6000000238419,996.2999999523163,3231.6689627443916,0.8779009283228016,6.17517012063698,18,0.9460065308672863,0.9239560733773222,18,0.8463169173913686,0.8293393399416387,18,0.24129127440567263,0.2624102401446573
animate_airport_random,123,large_data/airport.json,41,8,11,0,0.19999992847442627,908.6000000238419,765.3999999761581,3158.9165441308314,0.8572910137612999,6.011166402523218,18,0.9460453864554875,0.9240169086758272,18,0.8463618355392083,0.8291528024477226,18,0.24143276404325087,0.26242842031009683
animate_airport_random,124,large_data/airport.json,41,8,11,0,0.19999992847442627,908.6000000238419,764.0999999046326,3087.4212982401727,0.837472464868119,5.84007191183703,18,0.9460839707557765,0.92407593102285,18,0.8464390419356642,0.8293547056562964,18,0.24147339629785075,0.26250114097185484
animate_airport_random,125,large_data/airport.json,41,8,11,0,0.19999992847442627,908.6000000238419,876.7000000476837,3018.2763393525206,0.8181263204572092,5.687164800865984,18,0.9461217865455487,0.9241369501521003,18,0.8464455441852347,0.8293972022532725,18,0.2414182506678465,0.2624102401446573
animate_airport_random,126,large_data/airport.json,41,8,11,0,0.19999992847442627,908.6000000238419,755.7000000476837,2950.3638129000574,0.7990907529983698,5.550714229737776,18,0.946160803331973,0.9241952054811888,18,0.8465244931817463,0.8294878054544327,18,0.24144996487854578,0.2625920417990524
animate_airport_random,127,large_data/airport.json,41,8,11,0,0.19999992847442627,908.6000000238419,736.6999999284744,2884.2450451332707,0.7806052973153359,5.408067186979001,18,0.9461973518509956,0.9242518126725662,18,0.8464906994960129,0.829613418903967,18,0.24145927587006918,0.26242842031009683
animate_airport_random,128,large_data/airport.json,41,8,11,0,0.19999992847442627,908.6000000238419,901.5,2818.5918356083725,0.7621667555194537,5.266390122782835,18,0.9462316521865097,0.9243053074192669,18,0.8465056975164884,0.8297800012535982,18,0.24153490080096351,0.2627556632880079
animate_airport_random,129,large_data/airport.json,41,8,11,0,0.19999992847442627,908.6000000238419,830.1000000238419,2755.928158464494,0.7444719686414843,5.1359230666326114,18,0.9462664205145346,0.9243585105723724,18,0.8465613037269569,0.8301317518750484,18,0.24153682439346755,0.263082906265919
animate_airport_random,130,large_data/airport.json,41,8,11,0,0.19999992847442627,908.6000000238419,769.7000000476837,2692.9094745363413,0.7266007279840582,5.015195370434223,18,0.946301749245175,0.9244118975562223,18,0.8464732553508976,0.8299862783660982,18,0.24151334281943396,0.263119266596798
animate_airport_random,131,large_data/airport.json,41,8,11,0,0.19999992847442627,908.6000000238419,988.7000000476837,2630.559937101699,0.7089415330902383,4.903305146444367,18,0.9463350138290394,0.9244631990119694,18,0.846578257834733,0.8301509336624064,18,0.2415348961209832,0.26328288808575356
animate_airport_random,132,large_data/airport.json,41,8,11,0,0.19999992847442627,908.6000000238419,839.7000000476837,2567.500355294194,0.6910703845907927,4.795394751955509,18,0.9463667117668435,0.9245138602296052,18,0.8467075124704061,0.8302744172108987,18,0.24161687301308743,0.26324652775487456
animate_airport_random,133,large_data/airport.json,41,8,11,0,0.19999992847442627,908.6000000238419,835.3999999761581,2508.2983205726414,0.6742434899347945,4.691745766922473,18,0.9463975491956805,0.9245631205301871,18,0.8468544953480807,0.8302031606108673,18,0.24167926950196297,0.26321016742399556
animate_airport_random,134,large_data/airport.json,41,8,11,0,0.19999992847442627,908.6000000238419,923.7999999523163,2451.181074403975,0.6585327837114695,4.588022682295546,18,0.9464287402090202,0.9246123237798477,18,0.8469366126176835,0.830392778854504,18,0.2418630003159217,0.263119266596798
animate_airport_random,135,large_data/airport.json,41,8,11,0,0.19999992847442627,908.6000000238419,933.5,2395.8845652993223,0.643325323574731,4.556372293918001,18,0.9464596841524476,0.9246591942807493,18,0.8468181624448878,0.8304576457514108,18,0.24187778148080108,0.26324652775487456
animate_airport_random,136,large_data/airport.json,41,8,11,0,0.19999992847442627,908.6000000238419,948.3000000715256,2341.2634728458465,0.6281602413728316,4.48388494690909,18,0.946490198121365,0.9247053231196805,18,0.8470889277121366,0.8304587740918433,18,0.24196150280736842,0.2633556087475116
animate_airport_random,137,large_data/airport.json,41,8,11,0,0.19999992847442627,908.6000000238419,1131.5999999046326,2288.003345151668,0.6132950435052292,4.359587347678711,18,0.9465208213482665,0.9247513125008049,18,0.8470474506218086,0.8305607621211903,18,0.24208289353028645,0.26350105007102764
animate_airport_random,138,large_data/airport.json,41,8,11,0,0.19999992847442627,908.6000000238419,857.7000000476837,2236.2941237836467,0.5989346074155233,4.241876532119728,18,0.9465511015945782,0.9247962939823295,18,0.8469448146152293,0.8307038521694505,18,0.24208134769739686,0.26353741040190665
animate_airport_random,139,large_data/airport.json,41,8,11,0,0.19999992847442627,908.6000000238419,869.1999999284744,2185.640369192867,0.5849322028777174,4.157535997135353,18,0.9465802059021877,0.9248389490540856,18,0.8470761163255724,0.8307406563523327,18,0.2422356483205586,0.2635919508982252
animate_airport_random,140,large_data/airport.json,41,8,11,0,0.19999992847442627,908.6000000238419,896.2999999523163,2135.6009210214756,0.571080259869382,4.087025783399481,18,0.9466077859885071,0.9248805581922941,18,0.8470783170665571,0.8306847781449436,18,0.24225019253245964,0.2636464913945437
animate_airport_random,141,large_data/airport.json,41,8,11,0,0.19999992847442627,908.6000000238419,807.4000000953674,2086.8621904376573,0.5576336416044247,4.052899871477608,18,0.9466354230914965,0.9249215397703743,18,0.8471176722744631,0.8308115833248223,18,0.24228375317237336,0.26388283354525727
animate_airport_random,142,large_data/airport.json,41,8,11,0,0.19999992847442627,908.6000000238419,858.9000000953674,2038.7019597342467,0.5445342783594392,4.065850883307463,18,0.9466616165014989,0.9249615578217928,18,0.8471579058865228,0.8308787702925056,18,0.24247931797434202,0.26386465337981774
animate_airport_random,143,large_data/airport.json,41,8,11,0,0.19999992847442627,908.6000000238419,1005.6000000238419,1992.5746706257123,0.532096701199248,4.000228915963504,18,0.946688522790316,0.9250021083484717,18,0.847290739884369,0.8307351921419225,18,0.24254065292684332,0.26379193271805973
animate_airport_random,144,large_data/airport.json,41,8,11,0,0.19999992847442627,908.6000000238419,931.8999999761581,1947.0906246710958,0.519664316548126,3.9156682236057985,18,0.9467132919886208,0.9250397682951654,18,0.8472657844451724,0.8307943793027168,18,0.24260496410560978,0.2639373740415758
animate_airport_random,145,large_data/airport.json,41,8,11,0,0.19999992847442627,908.6000000238419,721.5999999046326,1902.6967991942533,0.5075753651570846,3.8279694565361813,18,0.9467382182595995,0.9250776120726035,18,0.8472704656131296,0.8309126712174201,18,0.24273965386338192,0.2640100947033338
animate_airport_random,146,large_data/airport.json,41,8,11,0,0.19999992847442627,908.6000000238419,925.7000000476837,1859.978536684639,0.49589796721797963,3.745457358528111,18,0.9467635321818569,0.9251152593413149,18,0.8473503212200971,0.8310220885444485,18,0.24276754846618592,0.2640828153650918
animate_airport_random,147,large_data/airport.json,41,8,11,0,0.19999992847442627,908.6000000238419,709.3000000715256,1817.8958381553314,0.4843375270974696,3.663745695018753,18,0.946787593826158,0.9251515310489367,18,0.8473723501558882,0.8310915575489619,18,0.24277877602867667,0.2641555360268498
animate_airport_random,148,large_data/airport.json,41,8,11,0,0.19999992847442627,908.6000000238419,718.1000000238419,1776.5318179263052,0.47291734945798913,3.5770506179476076,18,0.9468120707557621,0.925187948553356,18,0.8474809908647182,0.831195764225228,18,0.24284651049399486,0.2643009773503659
animate_airport_random,149,large_data/airport.json,41,8,11,0,0.19999992847442627,908.6000000238419,858,1735.7458523262858,0.4617165792201857,3.4850837723212877,18,0.9468331726958024,0.9252221537498483,18,0.8474113068766542,0.8311190497537777,18,0.24284578352295905,0.26421007652316836
animate_airport_random,150,large_data/airport.json,41,8,11,0,0.19999992847442627,908.6000000238419,730.6000000238419,1695.05163226279,0.45055214587789066,3.3942123966441726,18,0.946856101952625,0.9252555665724409,18,0.847413095882905,0.8310000098381136,18,0.24282522058073433,0.2642646170194869
animate_airport_random,151,large_data/airport.json,41,8,11,0,0.19999992847442627,908.6000000238419,783.8999999761581,1655.8918056557766,0.43987433534517756,3.3063359190907153,18,0.9468788083249975,0.9252891568867865,18,0.8474775095376831,0.8310031412997642,18,0.24292898918555275,0.26428279718492637
animate_airport_random,152,large_data/airport.json,41,8,11,0,0.19999992847442627,908.6000000238419,1271.3000000715256,1618.036490111477,0.42951121102781725,3.2214349789706445,18,0.9468989211520534,0.9253202623165837,18,0.84740370358575,0.83107601434255,18,0.24284826206119903,0.2643736980121239
animate_airport_random,153,large_data/airport.json,41,8,11,0,0.19999992847442627,908.6000000238419,780.8999999761581,1580.915051589668,0.41934523778758276,3.149517784939244,18,0.9469194004152458,0.9253509113390148,18,0.8474983240502939,0.8312086133603814,18,0.24299001952740873,0.264591859997398
animate_airport_random,154,large_data/airport.json,41,8,11,0,0.19999992847442627,908.6000000238419,725.5999999046326,1544.5314587877906,0.40943228192161335,3.0876938194718666,18,0.9469399014234302,0.9253814906325428,18,0.8475975207151001,0.831281461047203,18,0.2430151503966674,0.26461004016283746
animate_airport_random,155,large_data/airport.json,41,8,11,0,0.19999992847442627,908.6000000238419,864.3999999761581,1508.9146578842488,0.3997619035747187,3.0270566351294033,18,0.9469592563884782,0.9254106816869994,18,0.8476429523051809,0.8312704692364692,18,0.2429824491142201,0.2646827608245955
animate_airport_random,156,large_data/airport.json,41,8,11,0,0.19999992847442627,908.6000000238419,759.1999999284744,1474.0507026333612,0.3903142377770226,2.9636741589792894,18,0.9469798245927973,0.9254404622676364,18,0.8477329361343489,0.8313384359000697,18,0.24300499143124413,0.264700940990035
animate_airport_random,157,large_data/airport.json,41,8,11,0,0.19999992847442627,908.6000000238419,753,1439.9245790782786,0.3810414608336138,2.8942776142773874,18,0.9469986368570865,0.9254688926431489,18,0.8476815849989829,0.8313439254664451,18,0.24305638500138196,0.26482820214811154
animate_airport_random,158,large_data/airport.json,41,8,11,0,0.19999992847442627,908.6000000238419,846,1406.7929739703354,0.37205046622362103,2.8206149414481625,18,0.947017048811106,0.9254957636268276,18,0.8476673909506311,0.8313584100613274,18,0.24306275268156183,0.264700940990035
animate_airport_random,159,large_data/airport.json,41,8,11,0,0.19999992847442627,908.6000000238419,738.3000000715256,1374.2783122081426,0.36321608902962393,2.7438048185477784,18,0.9470357587033127,0.9255227296953745,18,0.8476963973829815,0.8312534934180474,18,0.24313308943206893,0.264664580659156
animate_airport_random,160,large_data/airport.json,41,8,11,0,0.19999992847442627,908.6000000238419,686.4000000953674,1342.2934416092382,0.3545397660111286,2.669985218657567,18,0.9470536878513317,0.9255482758298933,18,0.8477273682494707,0.831212657636765,18,0.2432468916264529,0.26479184181723253
animate_airport_random,161,large_data/airport.json,41,8,11,0,0.19999992847442627,908.6000000238419,842.3000000715256,1311.1173000644376,0.346109215203783,2.5978871402188073,18,0.9470706856889521,0.9255735176928347,18,0.8477602249787834,0.8311428336487447,18,0.24330535124009559,0.2647554814863535
animate_airport_random,162,large_data/airport.json,41,8,11,0,0.19999992847442627,908.6000000238419,661.1000000238419,1281.0225421692824,0.337948405117674,2.527963873677532,18,0.9470878984256266,0.9255994758617807,18,0.8477592111218084,0.8311155759866028,18,0.24330022982551228,0.2647554814863535
animate_airport_random,163,large_data/airport.json,41,8,11,0,0.19999992847442627,908.6000000238419,684.5999999046326,1251.7315383024006,0.33007115683153593,2.4605113255734894,18,0.9471028213931413,0.9256230378920551,18,0.8478231765750692,0.8311710801935128,18,0.24335851749686677,0.2649372831407486
animate_airport_random,164,large_data/airport.json,41,8,11,0,0.19999992847442627,908.6000000238419,809.1000000238419,1223.0659720078957,0.3223541672363601,2.39728063507408,18,0.9471177661543821,0.9256469295498717,18,0.8477803486569018,0.8312525235523951,18,0.24336038328190335,0.2649736434716276
animate_airport_random,165,large_data/airport.json,41,8,11,0,0.19999992847442627,908.6000000238419,718.1000000238419,1194.982287493919,0.31477764278781223,2.3364083402769973,18,0.947134265445719,0.9256703204273838,18,0.8477907315137575,0.8313270510718827,18,0.24338222400284493,0.26506454429882514
animate_airport_random,166,large_data/airport.json,41,8,11,0,0.19999992847442627,908.6000000238419,750.3999999761581,1167.5340492647545,0.307384126506527,2.2757195931914076,18,0.9471483188677514,0.9256922786928857,18,0.8478220578412425,0.8314931770141487,18,0.24335207805229023,0.26520998562234116
animate_airport_random,167,large_data/airport.json,41,8,11,0,0.19999992847442627,908.6000000238419,866,1140.6574830212478,0.30016429587247073,2.218408196954705,18,0.9471629332961929,0.9257134509234795,18,0.8478553321502537,0.8315574543848735,18,0.24339221792691484,0.26520998562234116
animate_airport_random,168,large_data/airport.json,41,8,11,0,0.19999992847442627,908.6000000238419,753.1999999284744,1114.3449382034905,0.29313273773499154,2.163810687569918,18,0.9471763746009421,0.9257348513577562,18,0.847935293688137,0.8316295667487151,18,0.24339625823785685,0.2653008864495387
animate_airport_random,169,large_data/airport.json,41,8,11,0,0.19999992847442627,908.6000000238419,820.1999999284744,1088.7761490423652,0.2863264676543116,2.11088282141023,18,0.9471918112471833,0.9257570821998796,18,0.8479460170009102,0.8316891469269632,18,0.24343757113669964,0.26531906661497817
animate_airport_random,170,large_data/airport.json,41,8,11,0,0.19999992847442627,908.6000000238419,957.1000000238419,1063.898041892349,0.27968411739036625,2.0593780425172388,18,0.947206160264886,0.9257781973795524,18,0.8480255814289444,0.8317377162775043,18,0.24345676162458194,0.26524634595322016
animate_airport_random,171,large_data/airport.json,41,8,11,0,0.19999992847442627,908.6000000238419,911.8999999761581,1039.6977738481564,0.27320738383051985,2.007911984531181,18,0.9472198483283341,0.9257979369981356,18,0.8481362243806733,0.8317045823705245,18,0.24350317362508989,0.2652645261186597
animate_airport_random,172,large_data/airport.json,41,8,11,0,0.19999992847442627,908.6000000238419,829.6000000238419,1015.9164996342232,0.2668559049370392,1.9587091523192357,18,0.9472338873201679,0.9258179555323316,18,0.8481600584553023,0.8317446321168995,18,0.24348101061044491,0.26528270628409917
animate_airport_random,173,large_data/airport.json,41,8,11,0,0.19999992847442627,908.6000000238419,1024,992.7597690353447,0.26068950232109755,1.9103786484042882,18,0.9472471374135799,0.9258371880316194,18,0.8481376999179282,0.8317887451566304,18,0.24346476387245852,0.26535542694585723
animate_airport_random,174,large_data/airport.json,41,8,11,0,0.19999992847442627,908.6000000238419,808.6000000238419,970.0998053313369,0.2546532255959946,1.8631232427048792,18,0.947260085706108,0.9258558436827085,18,0.8482018527543891,0.8317916293976247,18,0.24352217936652104,0.2653736071112967
animate_airport_random,175,large_data/airport.json,41,8,11,0,0.19999992847442627,908.6000000238419,754.2999999523163,947.927244923811,0.2487414957413432,1.8174522463272036,18,0.9472720920767288,0.925874347198009,18,0.8482250388821462,0.8319167547448367,18,0.2435462431799106,0.26546450793849424
animate_airport_random,176,large_data/airport.json,41,8,11,0,0.19999992847442627,908.6000000238419,901.5,926.3433058465042,0.24303697505178823,1.772668159564624,18,0.9472841657168378,0.9258924703738372,18,0.8482657198238092,0.8319841889331763,18,0.24357795963192574,0.26546450793849424
animate_airport_random,177,large_data/airport.json,41,8,11,0,0.19999992847442627,908.6000000238419,835.6000000238419,905.1378837968045,0.23743535526680046,1.728881557674835,18,0.9472962551302335,0.9259103526680005,18,0.8482538093530689,0.8320064197752998,18,0.24358242614059153,0.26550086826937325
animate_airport_random,178,large_data/airport.json,41,8,11,0,0.19999992847442627,908.6000000238419,835.7000000476837,884.5113435823635,0.23200105660947426,1.685789876219117,18,0.9473069842342424,0.9259266185194087,18,0.8482236793785128,0.8320375378830788,18,0.2436792023223181,0.26550086826937325
animate_airport_random,179,large_data/airport.json,41,8,11,0,0.19999992847442627,908.6000000238419,1018.8000000715256,864.4313268532817,0.22671138100403934,1.6436651211192421,18,0.9473181211522406,0.9259429287437552,18,0.8481853449684497,0.8319581863912908,18,0.24372679618700702,0.2655190484348128
animate_airport_random,180,large_data/airport.json,41,8,11,0,0.19999992847442627,908.6000000238419,824.5999999046326,844.9544194029504,0.22155439502967067,1.6028801043310759,18,0.9473278180111075,0.9259580345597745,18,0.8482390769486057,0.8319787564177208,18,0.24371021205971816,0.26560994926201026
animate_airport_random,181,large_data/airport.json,41,8,11,0,0.19999992847442627,908.6000000238419,761.9000000953674,825.940927975802,0.21652705075678277,1.5635372480001573,18,0.9473378071753153,0.9259729819010137,18,0.8482847832562822,0.8320722501988667,18,0.24375404360398148,0.26557358893113125
animate_airport_random,182,large_data/airport.json,41,8,11,0,0.19999992847442627,908.6000000238419,976.3000000715256,807.3527258314379,0.21161186936307164,1.525244612009124,18,0.9473475407796073,0.9259882271748395,18,0.8482941263561722,0.8322193972014928,18,0.24377730723314947,0.2656826699237683
animate_airport_random,183,large_data/airport.json,41,8,11,0,0.19999992847442627,908.6000000238419,842.1000000238419,789.1488942501857,0.20678563524759502,1.490422707398597,18,0.9473592310561197,0.9260046768569922,18,0.8482892072991863,0.8322932464489231,18,0.2437661706452155,0.26575539058552633
animate_airport_random,184,large_data/airport.json,41,8,11,0,0.19999992847442627,908.6000000238419,729.5,771.3542093371524,0.20207131650536517,1.4579025445778666,18,0.9473689200457928,0.9260195671473108,18,0.8483583692197301,0.8323097912159438,18,0.24380992542558513,0.26580993108184486
animate_airport_random,185,large_data/airport.json,41,8,11,0,0.19999992847442627,908.6000000238419,913.7999999523163,753.9519071692829,0.19746412768848123,1.4243290768127392,18,0.9473785025517533,0.926033310080223,18,0.8483912869864141,0.8323960585471262,18,0.2438429600172316,0.26584629141272387
animate_airport_random,186,large_data/airport.json,41,8,11,0,0.19999992847442627,908.6000000238419,798.7999999523163,736.9529840113253,0.1929863470612739,1.3908492029880215,18,0.9473885020984845,0.9260474143356338,18,0.8484565822590083,0.8323921220335927,18,0.24393439116495488,0.26584629141272387
animate_airport_random,187,large_data/airport.json,41,8,11,0,0.19999992847442627,908.6000000238419,757.2000000476837,720.2854565048038,0.18857130126155047,1.3572292128974413,18,0.9473987049312809,0.9260620574052958,18,0.848467140236925,0.8323871015525657,18,0.24398508437792077,0.26590083190904235
animate_airport_random,188,large_data/airport.json,41,8,11,0,0.19999992847442627,908.6000000238419,952.5,703.9609788340094,0.18424939589437672,1.3234909665245602,18,0.9474079724570321,0.9260753946427713,18,0.8484511646135199,0.8323537204249298,18,0.24405354865390136,0.26582811124728434
animate_airport_random,189,large_data/airport.json,41,8,11,0,0.19999992847442627,908.6000000238419,764.1999999284744,687.9531265222124,0.18001930386907075,1.290111279438554,18,0.9474174186372425,0.9260889600839299,18,0.8484393443009589,0.8323614476551977,18,0.24402386187550992,0.26586447157816334
animate_airport_random,190,large_data/airport.json,41,8,11,0,0.19999992847442627,908.6000000238419,707.7000000476837,672.3762042589004,0.1759031199577453,1.257266496650823,18,0.9474269180087386,0.9261029375595166,18,0.848389630699096,0.832385643584591,18,0.2440601142778262,0.26584629141272387
animate_airport_random,191,large_data/airport.json,41,8,11,0,0.19999992847442627,908.6000000238419,865.8000000715256,657.1349936357799,0.1718652080124946,1.2250666899722733,18,0.9474357917370063,0.9261156852708112,18,0.8484152785127669,0.8323215056716727,18,0.24406930535190263,0.26586447157816334
animate_airport_random,192,large_data/airport.json,41,8,11,0,0.19999992847442627,908.6000000238419,695.6000000238419,642.2311292809425,0.1679286230943822,1.1935891535736873,18,0.9474442318885609,0.9261283062022818,18,0.8484354896549655,0.8323642051163673,18,0.2440433150703585,0.26590083190904235
animate_airport_random,193,large_data/airport.json,41,8,11,0,0.19999992847442627,908.6000000238419,758.6000000238419,627.6654154365615,0.16407918394089632,1.1628291767753174,18,0.9474531140813867,0.9261404136754655,18,0.8484834571109315,0.8324012565199058,18,0.24413572533793557,0.26588265174360287
animate_airport_random,194,large_data/airport.json,41,8,11,0,0.19999992847442627,908.6000000238419,924,613.41372521301,0.16031014052222145,1.132880106790186,18,0.9474604939501774,0.9261515259270314,18,0.8484760261837676,0.8323996083821952,18,0.24411748273871325,0.26580993108184486
animate_airport_random,195,large_data/airport.json,41,8,11,0,0.19999992847442627,908.6000000238419,729.2999999523163,599.4384729175433,0.15661836492491243,1.1043837173582673,18,0.9474688627838261,0.9261636587561801,18,0.8485459136559712,0.8323560341567159,18,0.2441412611218587,0.26584629141272387
animate_airport_random,196,large_data/airport.json,41,8,11,0,0.19999992847442627,908.6000000238419,787.5,585.7712434520968,0.1530119152672307,1.076899676030332,18,0.9474767086331523,0.926175442940813,18,0.8485365869524953,0.8323352422655936,18,0.24419576951647343,0.26582811124728434
animate_airport_random,197,large_data/airport.json,41,8,11,0,0.19999992847442627,908.6000000238419,884.9000000953674,572.3470306060666,0.14944838556010862,1.050164459354083,18,0.9474847026266768,0.9261867643790885,18,0.8485532264380511,0.8323644713539974,18,0.24421026613447847,0.26588265174360287
animate_airport_random,198,large_data/airport.json,41,8,11,0,0.19999992847442627,908.6000000238419,794.6000000238419,559.2631482304213,0.1459927704311783,1.0241689636683415,18,0.9474922408494258,0.9261974455792533,18,0.8484988454409601,0.8324105494809987,18,0.24419686888582096,0.26588265174360287
animate_airport_random,199,large_data/airport.json,41,8,11,0,0.19999992847442627,908.6000000238419,804.6000000238419,546.4011647831576,0.1426085710763391,0.9988734044169828,18,0.9474996285661405,0.9262083042711715,18,0.8484819396135252,0.8323579612100394,18,0.24420808991074885,0.2659371922399214
animate_airport_random,200,large_data/airport.json,41,8,11,0,0.19999992847442627,908.6000000238419,1092.7000000476837,533.8822766657589,0.13931131943497063,0.9742122692259413,18,0.9475067306160703,0.9262185354029613,18,0.8484685451170493,0.8324486404790936,18,0.24430103661558555,0.2659371922399214
animate_airport_random,201,large_data/airport.json,41,8,11,0,0.19999992847442627,908.6000000238419,893.3000000715256,521.6044983050135,0.1360791769650289,0.9504161524213873,18,0.9475127009670643,0.9262286334159362,18,0.848471767905457,0.832480899605288,18,0.24433359642417063,0.26590083190904235
animate_airport_random,202,large_data/airport.json,41,8,11,0,0.19999992847442627,908.6000000238419,1143.1999999284744,509.6678517196767,0.13294224102347998,0.927140274265057,18,0.9475194155038767,0.926238630005052,18,0.8485046350724915,0.8324896220571738,18,0.2443132897594212,0.26584629141272387
animate_airport_random,203,large_data/airport.json,41,8,11,0,0.19999992847442627,908.6000000238419,1025.3000000715256,497.95482438233336,0.12985930652054006,0.9045156073007032,18,0.9475251671082736,0.9262476060165852,18,0.8484920895598976,0.8324656670094454,18,0.2443484162834654,0.2659190120744819
animate_airport_random,204,large_data/airport.json,41,8,11,0,0.19999992847442627,908.6000000238419,876.8999999761581,486.543684600995,0.12686101067774064,0.8823823657813467,18,0.9475311584597891,0.9262560622308401,18,0.8484732910487719,0.8325122712727164,18,0.24436040732021178,0.26588265174360287
animate_airport_random,205,large_data/airport.json,41,8,11,0,0.19999992847442627,908.6000000238419,1145,475.41559580272707,0.12393417487257068,0.8607897048719927,18,0.9475380430927366,0.9262659383791231,18,0.848422460297116,0.8325536712242156,18,0.24434986856686933,0.26586447157816334
animate_airport_random,206,large_data/airport.json,41,8,11,0,0.19999992847442627,908.6000000238419,1568.5,464.5629038246773,0.1210690534453416,0.8396488931542224,18,0.947543780903662,0.926274267813554,18,0.8484053360580627,0.8325477062335008,18,0.24432581044056426,0.26586447157816334
animate_airport_random,207,large_data/airport.json,41,8,11,0,0.19999992847442627,908.6000000238419,1353.7000000476837,453.97339185362523,0.11827520830097915,0.8190839164342508,18,0.947550691308739,0.9262832501640781,18,0.8484257674329782,0.8325324482816927,18,0.24435302112407892,0.26590083190904235
animate_airport_random,208,large_data/airport.json,41,8,11,0,0.19999992847442627,908.6000000238419,1431.2000000476837,443.64583376411605,0.11556571168660267,0.7995604441801847,18,0.9475568450097993,0.9262917570902631,18,0.8484502372095327,0.8325972010767563,18,0.24435275613037527,0.26588265174360287
animate_airport_random,209,large_data/airport.json,41,8,11,0,0.19999992847442627,908.6000000238419,2056.2000000476837,433.52404942188616,0.11290793239372324,0.7806063030889375,18,0.9475632786018883,0.9263010056784176,18,0.8484654581262477,0.8326318056296936,18,0.24438201804236265,0.2659371922399214
animate_airport_random,210,large_data/airport.json,41,8,11,0,0.19999992847442627,908.6000000238419,1296.5,423.653721881315,0.1103248361835483,0.762265977800256,18,0.9475683854075251,0.9263088153155707,18,0.8484968113666133,0.8326172196109523,18,0.24441556301655917,0.26590083190904235
animate_airport_random,211,large_data/airport.json,41,8,11,0,0.19999992847442627,908.6000000238419,1413.6000000238419,414.01968654422507,0.1078098679002469,0.7445346656313834,18,0.9475739814152387,0.9263168848513628,18,0.8485786636452312,0.832627298606953,18,0.24448122780131368,0.26586447157816334
animate_airport_random,212,large_data/airport.json,41,8,11,0,0.19999992847442627,908.6000000238419,2137.600000023842,404.588507118757,0.10534539825220202,0.7272912124004648,18,0.9475791163656297,0.9263252586587325,18,0.8485616932149508,0.8326422332702096,18,0.2445179249552515,0.2659371922399214
animate_airport_random,213,large_data/airport.json,41,8,11,0,0.19999992847442627,908.6000000238419,1418.6000000238419,395.3602792286706,0.10293776703020938,0.7105035507803513,18,0.9475834139065028,0.9263324597527306,18,0.8485626675520023,0.8325509201020354,18,0.2444743805045988,0.2659190120744819
animate_airport_random,214,large_data/airport.json,41,8,11,0,0.19999992847442627,908.6000000238419,1204.5999999046326,386.3534229452386,0.10058385629120242,0.6941367161722104,18,0.9475885980695695,0.9263393629141428,18,0.8485710062979662,0.832580985937277,18,0.2445321914460326,0.26588265174360287
animate_airport_random,215,large_data/airport.json,41,8,11,0,0.19999992847442627,908.6000000238419,1707.7000000476837,377.54604426878325,0.09826971587093904,0.6781566161759369,18,0.9475933396299413,0.9263462533975725,18,0.8485884892838844,0.832585518315982,18,0.2445469688550242,0.26584629141272387
animate_airport_random,216,large_data/airport.json,41,8,11,0,0.19999992847442627,908.6000000238419,1428.7000000476837,368.9366402326926,0.09601436841328549,0.6626327510857227,18,0.9475982567071481,0.9263533086947733,18,0.8486033257409485,0.8325814803785906,18,0.24455626043277387,0.26582811124728434
animate_airport_random,217,large_data/airport.json,41,8,11,0,0.19999992847442627,908.6000000238419,1375.2999999523163,360.5406052684976,0.09380847437863096,0.6475354599858019,18,0.9476031350061097,0.9263600914153527,18,0.8486064797071893,0.8325647834757814,18,0.24456871449781184,0.26580993108184486
animate_airport_random,218,large_data/airport.json,41,8,11,0,0.19999992847442627,908.6000000238419,1730.5,352.3396815361146,0.09165654476635841,0.63272468768168,18,0.9476073097188459,0.9263664874574692,18,0.8485558916905449,0.832587477064262,18,0.24454267954501,0.26584629141272387
animate_airport_random,219,large_data/airport.json,41,8,11,0,0.19999992847442627,908.6000000238419,1752.7000000476837,344.3272174416157,0.0895571628614526,0.6182356450570244,18,0.9476112747043739,0.9263724968211227,18,0.8485829431649707,0.8326653008591716,18,0.2445361212543073,0.26590083190904235
animate_airport_random,220,large_data/airport.json,41,8,11,0,0.19999992847442627,908.6000000238419,1468,336.49063172658146,0.08750698714769134,0.6040707344715668,18,0.9476151864491654,0.926378531540741,18,0.8485968367498414,0.8327096737975416,18,0.2445108843665793,0.2660099129016794
animate_airport_random,221,large_data/airport.json,41,8,11,0,0.19999992847442627,908.6000000238419,2006.7999999523163,328.82954862792747,0.08550590026070795,0.5902226463166669,18,0.9476196014487603,0.9263854220241708,18,0.8486340715052912,0.8327152140758469,18,0.2445383552432154,0.2660099129016794
animate_airport_random,222,large_data/airport.json,41,8,11,0,0.19999992847442627,908.6000000238419,1202.8999999761581,321.34580906499,0.08355746032213696,0.576704880317513,18,0.9476239214044928,0.9263918941341815,18,0.8486026591984696,0.8327166720438218,18,0.2445655714086347,0.2660280930671189
animate_airport_random,223,large_data/airport.json,41,8,11,0,0.19999992847442627,908.6000000238419,1211.5,314.03935559556186,0.08165054990407639,0.5635083426442269,18,0.9476282914435821,0.9263982774983157,18,0.8486393211343082,0.8326781563333165,18,0.24458062297080943,0.2661189938943164
animate_airport_random,224,large_data/airport.json,41,8,11,0,0.19999992847442627,908.6000000238419,1584.7000000476837,306.8954800873586,0.07978302306920505,0.5505410086186848,18,0.9476321459789634,0.9264045467606081,18,0.8486483747683283,0.8326992271400513,18,0.2445855497589832,0.26615535422519543
animate_airport_random,225,large_data/airport.json,41,8,11,0,0.19999992847442627,908.6000000238419,1518.6000000238419,299.91029960287614,0.07795913139694735,0.5378897960955374,18,0.9476363619604493,0.9264104420224201,18,0.8486553786002566,0.8327335591163672,18,0.2445668307164655,0.2661917145560745
animate_airport_random,226,large_data/airport.json,41,8,11,0,0.19999992847442627,908.6000000238419,1449.1000000238419,293.0785370807185,0.07617515379376585,0.5255018447172197,18,0.947640180213299,0.9264162041654171,18,0.8486981574848226,0.8327855578611457,18,0.24457943938687668,0.26624625505239297
animate_airport_random,227,large_data/airport.json,41,8,11,0,0.19999992847442627,908.6000000238419,1305.4000000953674,286.41215854337037,0.07443475958707549,0.5133865172851576,18,0.947643572916897,0.9264211295615763,18,0.8487253254294875,0.8327822996196712,18,0.24457341246502123,0.26620989472151396
animate_airport_random,228,large_data/airport.json,41,8,11,0,0.19999992847442627,908.6000000238419,1063.8000000715256,279.88720033039516,0.07273100941929611,0.501575219243361,18,0.9476479589405176,0.9264270818743088,18,0.84873525064854,0.8327988950986214,18,0.24458750587641054,0.26624625505239297
animate_airport_random,229,large_data/airport.json,41,8,11,0,0.19999992847442627,908.6000000238419,991.7999999523163,273.50196557904593,0.07106381842296573,0.4900507351497329,18,0.9476515233314162,0.9264323876099398,18,0.8487496301726222,0.8328192369213685,18,0.24462470581654489,0.26628261538327197
animate_airport_random,230,large_data/airport.json,41,8,11,0,0.19999992847442627,908.6000000238419,969.6999999284744,267.2728141051929,0.06943535736602759,0.47879894401564815,18,0.9476543581811748,0.9264370023955302,18,0.8487664761762178,0.8328438068512432,18,0.24463192242134352,0.2662280748869535
animate_airport_random,231,large_data/airport.json,41,8,11,0,0.19999992847442627,908.6000000238419,738.3000000715256,261.1354712424092,0.06782192379971573,0.46779158676585625,18,0.9476576748013834,0.9264418770797596,18,0.8487995578494705,0.8328842686320452,18,0.24462855312528736,0.26628261538327197
animate_airport_random,232,large_data/airport.json,41,8,11,0,0.19999992847442627,908.6000000238419,823.8999999761581,255.15917158684314,0.06626010207695666,0.4571067861373733,18,0.9476609499514477,0.9264466820350862,18,0.8487926097922754,0.8328777141151489,18,0.2446650481661002,0.2662644352178325
animate_airport_random,233,large_data/airport.json,41,8,11,0,0.19999992847442627,908.6000000238419,1168.3999999761581,249.3353436261874,0.06474099635355623,0.44665070011476926,18,0.9476639795228323,0.9264513285156325,18,0.8488057758926558,0.8328554705950431,18,0.24468662546586167,0.2661917145560745
animate_airport_random,234,large_data/airport.json,41,8,11,0,0.19999992847442627,908.6000000238419,887.7000000476837,243.64540591554712,0.06325833862203356,0.4364239362827722,18,0.9476674818480518,0.9264563173017034,18,0.8487807551954846,0.8328522757434804,18,0.24470056062876056,0.26620989472151396
animate_airport_random,235,large_data/airport.json,41,8,11,0,0.19999992847442627,908.6000000238419,952,238.09673820352802,0.061814361012528136,0.42642321590164284,18,0.9476705001574416,0.9264608179854524,18,0.8487724171817519,0.8328695368165063,18,0.2446893226365547,0.2661917145560745
animate_airport_random,236,large_data/airport.json,41,8,11,0,0.19999992847442627,908.6000000238419,1011.8999999761581,232.67684664366865,0.060402522796431254,0.4166464489405276,18,0.9476733595908768,0.9264647164650378,18,0.8488076840133627,0.8328769851311615,18,0.24471186317274285,0.2661189938943164
animate_airport_random,237,large_data/airport.json,41,8,11,0,0.19999992847442627,908.6000000238419,829.6000000238419,227.3851933039569,0.05902420387092934,0.4070878483262089,18,0.9476763762125244,0.9264689001992268,18,0.848793091974243,0.8329171616573595,18,0.24472407483578928,0.2661189938943164
animate_airport_random,238,large_data/airport.json,41,8,11,0,0.19999992847442627,908.6000000238419,882.8999999761581,222.21985160162862,0.05768244303243626,0.39772974680821727,18,0.9476795319239077,0.9264733184760904,18,0.8487577111115502,0.8329324322871504,18,0.24471805582510536,0.26613717405975595
animate_airport_random,239,large_data/airport.json,41,8,11,0,0.19999992847442627,908.6000000238419,1074.5,217.16702222833405,0.05636864280951292,0.38859438578024225,18,0.9476821228649737,0.9264772549896227,18,0.8487835950371545,0.8329896480216827,18,0.24471810329683322,0.26617353439063496
animate_airport_random,240,large_data/airport.json,41,8,11,0,0.19999992847442627,908.6000000238419,815.8000000715256,212.23442951562092,0.055083869787347146,0.37967573513900355,18,0.9476846944388363,0.9264813309609616,18,0.8487764069632683,0.8330223635552435,18,0.24468429039689718,0.26615535422519543
animate_airport_random,241,large_data/airport.json,41,8,11,0,0.19999992847442627,908.6000000238419,740.1000000238419,207.41062784209015,0.05382797137224346,0.37100511910768175,18,0.9476876551593888,0.9264854830001948,18,0.848757878270911,0.8329782124815654,18,0.24466123429384345,0.26615535422519543
animate_airport_random,242,large_data/airport.json,41,8,11,0,0.19999992847442627,908.6000000238419,1226.6999999284744,202.6980548901321,0.05260061674300978,0.36251933085872456,18,0.9476903426895799,0.9264893941577625,18,0.8487502073346676,0.8329656486010155,18,0.24465588534419397,0.26617353439063496
animate_airport_random,243,large_data/airport.json,41,8,11,0,0.19999992847442627,908.6000000238419,1162.1000000238419,198.10311421647808,0.05140311906424614,0.35423211796333964,18,0.9476927827657906,0.9264932799593656,18,0.8487611953002301,0.8330147250708527,18,0.24467468161891662,0.26624625505239297
animate_airport_random,244,large_data/airport.json,41,8,11,0,0.19999992847442627,908.6000000238419,842.1000000238419,193.6071803982838,0.050230993075857364,0.3461246521304886,18,0.9476954906662283,0.9264971087100478,18,0.8487602787422587,0.8330242969475581,18,0.24470173714260257,0.2662644352178325
animate_airport_random,245,large_data/airport.json,41,8,11,0,0.19999992847442627,908.6000000238419,978.3000000715256,189.20132232711444,0.04908222763852497,0.33819119135962955,18,0.9476975160803381,0.9265005571212583,18,0.8487636957125557,0.8330611328253964,18,0.24470833698144362,0.2663007955487115
animate_airport_random,246,large_data/airport.json,41,8,11,0,0.19999992847442627,908.6000000238419,752.2999999523163,184.8958155410396,0.04796012087213745,0.33044063008719926,18,0.9477001002974066,0.9265043414990022,18,0.8487828848619731,0.8330806315623143,18,0.24471611066365598,0.2663371558795905
animate_airport_random,247,large_data/airport.json,41,8,11,0,0.19999992847442627,908.6000000238419,717.6000000238419,180.69412312953583,0.0468660043214426,0.3228678899572828,18,0.9477028771639107,0.9265079483849926,18,0.848779979157576,0.8330566701755946,18,0.24473107131549054,0.26639169637590904
animate_airport_random,248,large_data/airport.json,41,8,11,0,0.19999992847442627,908.6000000238419,1043.8999999761581,176.5834683436573,0.04579436525398795,0.3154699386312327,18,0.947705631782865,0.9265114855420798,18,0.8487968949387651,0.8330508636596594,18,0.2447597843134033,0.26635533604503003
animate_airport_random,249,large_data/airport.json,41,8,11,0,0.19999992847442627,908.6000000238419,936.8999999761581,172.5702866537679,0.04474891754324164,0.3082467335311566,18,0.9477079543228911,0.9265147247665808,18,0.8487891851680824,0.8330649932710346,18,0.24473915112918518,0.26635533604503003
animate_airport_random,250,large_data/airport.json,41,8,11,0,0.19999992847442627,908.6000000238419,800.7000000476837,168.64555303740255,0.04372659657939312,0.30118672887941356,18,0.9477094600835251,0.9265175139227069,18,0.8488089767689789,0.8330505784050555,18,0.24474459036110516,0.26639169637590904
animate_airport_random,251,large_data/airport.json,41,8,11,0,0.19999992847442627,908.6000000238419,1010.0999999046326,164.80841142396457,0.04272739417503904,0.2942879448689222,18,0.9477113700020344,0.9265201826380002,18,0.8488236503522981,0.8331135119096463,18,0.24477155091627528,0.2663371558795905
animate_airport_random,252,large_data/airport.json,41,8,11,0,0.19999992847442627,908.6000000238419,1122.1999999284744,161.0598074868113,0.04175223250751032,0.28754660495887346,18,0.9477136962828194,0.9265234535574571,18,0.848834292603301,0.8331572889828439,18,0.24481022349020978,0.2663007955487115
animate_airport_random,253,large_data/airport.json,41,8,11,0,0.19999992847442627,908.6000000238419,786.9000000953674,157.39264111963462,0.04079749578847837,0.28095982780920187,18,0.9477157084850673,0.9265263504764337,18,0.8488134654043504,0.833139381332716,18,0.24479817013673785,0.2663007955487115
animate_airport_random,254,large_data/airport.json,41,8,11,0,0.19999992847442627,908.6000000238419,1053.6999999284744,153.80644848142015,0.03986389189029733,0.27452521892111115,18,0.9477176704231716,0.926528924106859,18,0.848795775905925,0.8331628926510608,18,0.24480711855665513,0.2663007955487115
animate_airport_random,255,large_data/airport.json,41,8,11,0,0.19999992847442627,908.6000000238419,1022.8999999761581,150.30218840530836,0.038951529061165564,0.26823678412383256,18,0.947719867191438,0.9265320365515362,18,0.8487910229593101,0.8331758051761264,18,0.24479785257156877,0.266318975714151
animate_airport_random,256,large_data/airport.json,41,8,11,0,0.19999992847442627,908.6000000238419,767.3999999761581,146.88347304049685,0.03806204042413058,0.26209639503557614,18,0.9477217387472098,0.9265349841824421,18,0.8487928113044229,0.8332121275956774,18,0.24479275373930004,0.2663371558795905
animate_airport_random,257,large_data/airport.json,41,8,11,0,0.19999992847442627,908.6000000238419,991.3999999761581,143.54939195871268,0.037190640485446604,0.25608634913757816,18,0.9477236349526036,0.9265378494064626,18,0.8488054488926633,0.8332061879609272,18,0.24480624649683255,0.266318975714151
animate_airport_random,258,large_data/airport.json,41,8,11,0,0.19999992847442627,908.6000000238419,786.3999999761581,140.27690206499415,0.036336830668201384,0.2502371867483317,18,0.9477254125346963,0.9265403723249586,18,0.848772097461995,0.8332106442717377,18,0.2447653561118736,0.26635533604503003
animate_airport_random,259,large_data/airport.json,41,8,11,0,0.19999992847442627,908.6000000238419,761.6000000238419,137.08238684660324,0.035505548055631754,0.24451355642374098,18,0.9477267656206683,0.9265425973108683,18,0.8487484707842484,0.8332563800932147,18,0.2447633062523108,0.26635533604503003
animate_airport_random,260,large_data/airport.json,41,8,11,0,0.19999992847442627,908.6000000238419,1032.6000000238419,133.9654637063735,0.03469352864468215,0.23891951277615467,18,0.9477284079183473,0.9265451709412936,18,0.848755949453349,0.8332523675117877,18,0.2447633677248231,0.2663735162104695
animate_airport_random,261,large_data/airport.json,41,8,11,0,0.19999992847442627,908.6000000238419,765.3999999761581,130.91963277249417,0.033900428475514166,0.23345243214886927,18,0.9477302747790776,0.9265479093854901,18,0.8487446053171781,0.8332042672465949,18,0.2447534398420414,0.2663735162104695
animate_airport_random,262,large_data/airport.json,41,8,11,0,0.19999992847442627,908.6000000238419,753.0999999046326,127.94075601378472,0.033125355183649376,0.22811130107148972,18,0.9477317060568564,0.9265501977613118,18,0.8487382591796568,0.833219106824984,18,0.24476241832628998,0.26639169637590904
animate_airport_random,263,large_data/airport.json,41,8,11,0,0.19999992847442627,908.6000000238419,899.1999999284744,125.03057500536508,0.0323682201760249,0.2228907131771747,18,0.9477335319733521,0.9265528221036667,18,0.8487508778274927,0.8331491180231924,18,0.24475278180360696,0.2663735162104695
animate_airport_random,264,large_data/airport.json,41,8,11,0,0.19999992847442627,908.6000000238419,710,122.18530009470705,0.03162896538839097,0.21779140152435078,18,0.9477353277611485,0.9265550787845322,18,0.8487678257417482,0.8331459548665857,18,0.24476474333830883,0.2663735162104695
animate_airport_random,265,large_data/airport.json,41,8,11,0,0.19999992847442627,908.6000000238419,713,119.4033766776503,0.030906471797116322,0.21280941230499506,18,0.9477370200936761,0.9265574495672395,18,0.8487453882759755,0.8331709685258439,18,0.24475260985035496,0.26639169637590904
animate_airport_random,266,large_data/airport.json,41,8,11,0,0.19999992847442627,908.6000000238419,1009.4000000953674,116.68392523300331,0.030200398954409447,0.20794143907121093,18,0.9477382907490296,0.9265592498407391,18,0.8487317294374631,0.8332005716147283,18,0.24475288345534765,0.26642805670678804
animate_airport_random,267,large_data/airport.json,41,8,11,0,0.19999992847442627,908.6000000238419,761.0999999046326,114.02650765056508,0.029510500583353687,0.20318182613687671,18,0.9477403065541954,0.9265617854372173,18,0.8487543411944134,0.8332351127777535,18,0.2447482994632006,0.2664462368722275
animate_airport_random,268,large_data/airport.json,41,8,11,0,0.19999992847442627,908.6000000238419,763.1000000238419,111.42873643099766,0.02883656673299582,0.19853440559928548,18,0.9477417980604835,0.9265640040841358,18,0.8487520235488153,0.8332652103079508,18,0.2447376108988021,0.2664825972031066
animate_airport_random,269,large_data/airport.json,41,8,11,0,0.19999992847442627,908.6000000238419,862.3000000715256,108.88990421275953,0.028178020839930644,0.1939930448446867,18,0.9477435658930029,0.9265663495108781,18,0.8487809758126174,0.8332941097688117,18,0.24473419045344325,0.26650077736854605
animate_airport_random,270,large_data/airport.json,41,8,11,0,0.19999992847442627,908.6000000238419,787,106.40843705291267,0.027534303428936615,0.1895561950909617,18,0.947745009029983,0.9265682829031929,18,0.8487868992378991,0.8333176781380773,18,0.2447450421123358,0.2665189575339856
animate_airport_random,271,large_data/airport.json,41,8,11,0,0.19999992847442627,908.6000000238419,764.5,103.98244210540152,0.02690457205870589,0.18522107309309113,18,0.9477461847900452,0.9265702987023932,18,0.8487758155285509,0.833324574960498,18,0.24469564699872415,0.2665553178648646
animate_airport_random,272,large_data/airport.json,41,8,11,0,0.19999992847442627,908.6000000238419,1044.8999999761581,101.61090471824166,0.026288368228693366,0.18098521662317282,18,0.9477475941366402,0.9265722194167254,18,0.8487824852490972,0.8333462416324048,18,0.24469869569420233,0.26657349803030406
animate_airport_random,273,large_data/airport.json,41,8,11,0,0.19999992847442627,908.6000000238419,824.2999999523163,99.29408017103309,0.025686590717242615,0.1768475176557236,18,0.9477485162536148,0.9265738738934276,18,0.8487870119032405,0.8333293862548155,18,0.2446989712350905,0.2665553178648646
animate_airport_random,274,large_data/airport.json,41,8,11,0,0.19999992847442627,908.6000000238419,734.7000000476837,97.03093408978604,0.02509903387275429,0.1728050587237012,18,0.9477499523867198,0.9265760354894254,18,0.8487832985531625,0.8333430341028598,18,0.24471212998800507,0.26657349803030406
animate_airport_random,275,large_data/airport.json,41,8,11,0,0.19999992847442627,908.6000000238419,926.5,94.82213288545385,0.024525962861834373,0.1688551787538391,18,0.9477513321358654,0.926578000576696,18,0.8487990551036874,0.8333599275143964,18,0.24469924833283957,0.26660985836118306
animate_airport_random,276,large_data/airport.json,41,8,11,0,0.19999992847442627,908.6000000238419,775.5,92.66147857956453,0.023965337541618514,0.1649960295762735,18,0.9477524659201302,0.9265794775616447,18,0.8488000294226663,0.8333588815808491,18,0.2447163138809932,0.26660985836118306
animate_airport_random,277,large_data/airport.json,41,8,11,0,0.19999992847442627,908.6000000238419,805.3999999761581,90.54984120045268,0.023417701455892476,0.161224855453811,18,0.9477535299780734,0.9265813158690913,18,0.8488122395901394,0.8333726942426647,18,0.24471624830801625,0.2666462186920621
animate_airport_random,278,large_data/airport.json,41,8,11,0,0.19999992847442627,908.6000000238419,970.3000000715256,88.48739481173968,0.02288239504590507,0.1575441254847598,18,0.9477547479426043,0.9265832492614061,18,0.8488039472500856,0.8333749128895832,18,0.24470930779229622,0.2666462186920621
animate_airport_random,279,large_data/airport.json,41,8,11,0,0.19999992847442627,908.6000000238419,774.8999999761581,86.47328977874919,0.022360366311620312,0.1539447213780294,18,0.9477560875031305,0.9265849481110465,18,0.8488048189858872,0.8333728844124004,18,0.24470845310384629,0.2666462186920621
animate_airport_random,280,large_data/airport.json,41,8,11,0,0.19999992847442627,908.6000000238419,749.4000000953674,84.50562668025808,0.021851162468663265,0.15042725800514212,18,0.9477573336939267,0.926586653299678,18,0.8488117647478006,0.8333750586863805,18,0.2447216490569657,0.2666462186920621
animate_airport_random,281,large_data/airport.json,41,8,11,0,0.19999992847442627,908.6000000238419,859.7000000476837,82.57891877297804,0.021349131732199825,0.14699765679411358,18,0.9477582550341148,0.926587946453882,18,0.8488073468125118,0.8333623997209627,18,0.24470151779123692,0.26660985836118306
animate_airport_random,282,large_data/airport.json,41,8,11,0,0.19999992847442627,908.6000000238419,709.6000000238419,80.6978119353802,0.020860001049926115,0.14364481047197233,18,0.9477595175939248,0.9265897086934345,18,0.8488182294807827,0.8333735626844584,18,0.24469494745444034,0.2666280385266226
animate_airport_random,283,large_data/airport.json,41,8,11,0,0.19999992847442627,908.6000000238419,732.3000000715256,78.86073493310924,0.020383273011573395,0.14036656891943244,18,0.9477608921548054,0.9265912173733392,18,0.848817377502873,0.8334029248916768,18,0.2447081445070732,0.2666280385266226
animate_airport_random,284,large_data/airport.json,41,8,11,0,0.19999992847442627,908.6000000238419,913.1000000238419,77.06700386608077,0.019918571225729965,0.13716282244665495,18,0.9477618132134977,0.9265925549004814,18,0.8488176268018661,0.8334081989323516,18,0.2447216280753673,0.2666462186920621
animate_airport_random,285,large_data/airport.json,41,8,11,0,0.19999992847442627,908.6000000238419,727.3999999761581,75.31327634930318,0.019464207138736162,0.13403163244223557,18,0.9477627025339566,0.9265939241225797,18,0.8488113969512168,0.8334008520415558,18,0.24472409655509542,0.2666462186920621
animate_airport_random,286,large_data/airport.json,41,8,11,0,0.19999992847442627,908.6000000238419,707.5,73.59904728581385,0.019019969355376483,0.13097161304986665,18,0.9477635067052972,0.9265952362937573,18,0.8487907144049806,0.8333882628050414,18,0.2447281623521952,0.2666462186920621
animate_airport_random,287,large_data/airport.json,41,8,11,0,0.19999992847442627,908.6000000238419,851.8999999761581,71.92359866877023,0.018586066448721163,0.12798114129494986,18,0.9477644319032101,0.9265964216851108,18,0.8487900103808688,0.8334081292034489,18,0.2447314036974647,0.2666462186920621
animate_airport_random,288,large_data/airport.json,41,8,11,0,0.19999992847442627,908.6000000238419,702.6000000238419,70.28598288771815,0.01816209250178776,0.1250589346396992,18,0.9477653007543392,0.9265975056526052,18,0.8487927009948727,0.8334071910327521,18,0.2447215038522758,0.2666462186920621
animate_airport_random,289,large_data/airport.json,41,8,11,0,0.19999992847442627,908.6000000238419,703.3999999761581,68.68566159820635,0.01774791423963426,0.12220349260787479,18,0.947766198705047,0.926598893891677,18,0.848765700180566,0.8333759334671661,18,0.24471766116556207,0.2666462186920621
animate_airport_random,290,large_data/airport.json,41,8,11,0,0.19999992847442627,908.6000000238419,1060.2999999523163,67.1215033247734,0.017343120180142776,0.1194133148618269,18,0.9477671446082705,0.9266002694527665,18,0.8487758275672922,0.8333773090282555,18,0.24471781478105992,0.2666643988575016
animate_airport_random,291,large_data/airport.json,41,8,11,0,0.19999992847442627,908.6000000238419,752.1000000238419,65.59273991739865,0.01694760706635593,0.11668700629595966,18,0.9477676634683392,0.9266013027083314,18,0.8487926740329412,0.8334127249720656,18,0.24470924462352603,0.2666825790229411
animate_airport_random,292,large_data/airport.json,41,8,11,0,0.19999992847442627,908.6000000238419,797,64.10090565422814,0.01656188422026621,0.1140234332800829,18,0.9477687569101175,0.9266027606763065,18,0.848783758757081,0.8334139103634192,18,0.24470691094539906,0.2666825790229411
animate_airport_random,293,large_data/airport.json,41,8,11,0,0.19999992847442627,908.6000000238419,914.2999999523163,62.64153981168304,0.01618435164259425,0.11142077966018302,18,0.9477696550661251,0.9266039016947215,18,0.8487921307919905,0.8333975684441166,18,0.24471044437437867,0.2666825790229411
animate_airport_random,294,large_data/airport.json,41,8,11,0,0.19999992847442627,908.6000000238419,769.7000000476837,61.215427999521154,0.015816008209825712,0.10887756016913797,18,0.9477702766019114,0.9266050427131367,18,0.8487977249274316,0.8334072227277077,18,0.2446998180546579,0.2667007591883806
animate_airport_random,295,large_data/airport.json,41,8,11,0,0.19999992847442627,908.6000000238419,786.2000000476837,59.8216599293525,0.015455826560247275,0.10639251998518513,18,0.9477709469600925,0.926605892137957,18,0.8488005925845337,0.8333913815887098,18,0.24470516077373117,0.2667007591883806
animate_airport_random,296,large_data/airport.json,41,8,11,0,0.19999992847442627,908.6000000238419,1073.8999999761581,58.45985787059065,0.01510373645905849,0.1039641051053829,18,0.9477718563999616,0.9266071219022488,18,0.848788844767641,0.8334107725627775,18,0.2447149012411573,0.26671893935382013
animate_airport_random,297,large_data/airport.json,41,8,11,0,0.19999992847442627,908.6000000238419,710,57.128915515147334,0.014759591976527129,0.1015914622350663,18,0.947772833876876,0.9266082946156202,18,0.848781960695424,0.8334462328795262,18,0.24471431985384592,0.26671893935382013
animate_airport_random,298,large_data/airport.json,41,8,11,0,0.19999992847442627,908.6000000238419,741,55.8281927451213,0.014423255694799783,0.0992728714770317,18,0.9477737736955907,0.9266094990239473,18,0.8487902946869772,0.8334556082475044,18,0.24472421083244564,0.26671893935382013
animate_airport_random,299,large_data/airport.json,41,8,11,0,0.19999992847442627,908.6000000238419,857.1999999284744,54.55725403807569,0.014094626752837184,0.0970073288778111,18,0.9477745479710415,0.9266106653983273,18,0.8487957074043823,0.8334706696905855,18,0.24471783446892884,0.26671893935382013
animate_airport_random,300,large_data/airport.json,41,8,11,0,0.19999992847442627,908.6000000238419,705,53.31528013883805,0.013773416529179391,0.09479367555548289,18,0.947775252659675,0.9266117176708658,18,0.8487937092989096,0.833473243321011,18,0.24473985747886204,0.26671893935382013
