experiment,frame,file,download,jaccard,spanning_tree,layout_time,quality,fdl_init,frameTime,crossing,crossingAngle,angularResolutionMin,angularResolutionDev,totalEnergy,avgMotion,maxMotion,trustworthy_k_idx,trustworthy_q_local,trustworthy_q_global,continuity_k_idx,continuity_q_local,continuity_q_global,lcmc_k_idx,lcmc_q_local,lcmc_q_global
init_layout_dummy_random,1,data/dummy.json,10.700000047683716,0.5,0.2999999523162842,0,0.10000002384185791,6.899999976158142,0,1,1,1,1,15.244900646910645,507.7511501958647,509.8357909189927,0,1.0,1.0,0,1.0,1.0,-1,0,0
init_layout_dummy_random,2,data/dummy.json,10.700000047683716,0.5,0.2999999523162842,0,0.10000002384185791,6.899999976158142,14.399999976158142,1,1,1,1,4.49817952903788,2.2490897645189314,2.2490897645189523,0,1.0,1.0,0,1.0,1.0,-1,0,0
init_layout_dummy_random,3,data/dummy.json,10.700000047683716,0.5,0.2999999523162842,0,0.10000002384185791,6.899999976158142,16.5,1,1,1,1,1.453582268892342,0.7267911344461679,0.7267911344461679,0,1.0,1.0,0,1.0,1.0,-1,0,0
init_layout_dummy_random,4,data/dummy.json,10.700000047683716,0.5,0.2999999523162842,0,0.10000002384185791,6.899999976158142,16.5,1,1,1,1,0.4743509988795549,0.2371754994397961,0.2371754994397961,0,1.0,1.0,0,1.0,1.0,-1,0,0
init_layout_dummy_random,5,data/dummy.json,10.700000047683716,0.5,0.2999999523162842,0,0.10000002384185791,6.899999976158142,14.200000047683716,1,1,1,1,0.15044828782347208,0.07522414391174947,0.07522414391174947,0,1.0,1.0,0,1.0,1.0,-1,0,0
init_layout_dummy_random,6,data/dummy.json,10.700000047683716,0.5,0.2999999523162842,0,0.10000002384185791,6.899999976158142,16.5,1,1,1,1,0.0451233944006932,0.02256169720037672,0.02256169720037672,0,1.0,1.0,0,1.0,1.0,-1,0,0
init_layout_dummy_random,7,data/dummy.json,10.700000047683716,0.5,0.2999999523162842,0,0.10000002384185791,6.899999976158142,15.199999928474426,1,1,1,1,0.012336489139937588,0.006168244569960033,0.006168244569960033,0,1.0,1.0,0,1.0,1.0,-1,0,0
init_layout_dummy_random,8,data/dummy.json,10.700000047683716,0.5,0.2999999523162842,0,0.10000002384185791,6.899999976158142,16.600000023841858,1,1,1,1,0.0028421366568798325,0.001421068328423728,0.001421068328423728,0,1.0,1.0,0,1.0,1.0,-1,0,0
init_layout_dummy_random,9,data/dummy.json,10.700000047683716,0.5,0.2999999523162842,0,0.10000002384185791,6.899999976158142,15,1,1,1,1,0.00041176440145213196,0.00020588220071548433,0.00020588220071548433,0,1.0,1.0,0,1.0,1.0,-1,0,0
init_layout_dummy_random,10,data/dummy.json,10.700000047683716,0.5,0.2999999523162842,0,0.10000002384185791,6.899999976158142,16.100000023841858,1,1,1,1,6.653663436149331e-05,3.326831719234288e-05,3.326831719234288e-05,0,1.0,1.0,0,1.0,1.0,-1,0,0
init_layout_dummy_random,11,data/dummy.json,10.700000047683716,0.5,0.2999999523162842,0,0.10000002384185791,6.899999976158142,15.299999952316284,1,1,1,1,9.079252347301012e-05,4.53962617524918e-05,4.53962617524918e-05,0,1.0,1.0,0,1.0,1.0,-1,0,0
init_layout_dummy_random,12,data/dummy.json,10.700000047683716,0.5,0.2999999523162842,0,0.10000002384185791,6.899999976158142,15.399999976158142,1,1,1,1,4.9384945250605436e-05,2.4692472588509067e-05,2.4692472588509067e-05,0,1.0,1.0,0,1.0,1.0,-1,0,0
init_layout_dummy_random,13,data/dummy.json,10.700000047683716,0.5,0.2999999523162842,0,0.10000002384185791,6.899999976158142,15.199999928474426,1,1,1,1,1.981145117705395e-05,9.905725584931156e-06,9.905725584931156e-06,0,1.0,1.0,0,1.0,1.0,-1,0,0
init_layout_dummy_random,14,data/dummy.json,10.700000047683716,0.5,0.2999999523162842,0,0.10000002384185791,6.899999976158142,15.399999976158142,1,1,1,1,6.025748980998424e-06,3.012874476322064e-06,3.012874476322064e-06,0,1.0,1.0,0,1.0,1.0,-1,0,0
init_layout_dummy_random,15,data/dummy.json,10.700000047683716,0.5,0.2999999523162842,0,0.10000002384185791,6.899999976158142,16,1,1,1,1,1.0328329128965652e-06,5.164164416118198e-07,5.164164416118198e-07,0,1.0,1.0,0,1.0,1.0,-1,0,0
init_layout_dummy_random,16,data/dummy.json,10.700000047683716,0.5,0.2999999523162842,0,0.10000002384185791,6.899999976158142,16,1,1,1,1,2.856114200047384e-07,1.4280570669387886e-07,1.4280570669387886e-07,0,1.0,1.0,0,1.0,1.0,-1,0,0
init_layout_dummy_random,17,data/dummy.json,10.700000047683716,0.5,0.2999999523162842,0,0.10000002384185791,6.899999976158142,16.100000023841858,1,1,1,1,3.985468225212283e-07,1.9927342276037582e-07,1.9927342276037582e-07,0,1.0,1.0,0,1.0,1.0,-1,0,0
init_layout_dummy_random,18,data/dummy.json,10.700000047683716,0.5,0.2999999523162842,0,0.10000002384185791,6.899999976158142,15.299999952316284,1,1,1,1,2.4905109607380434e-07,1.2452556657882558e-07,1.2452556657882558e-07,0,1.0,1.0,0,1.0,1.0,-1,0,0
init_layout_dummy_random,19,data/dummy.json,10.700000047683716,0.5,0.2999999523162842,0,0.10000002384185791,6.899999976158142,16.700000047683716,1,1,1,1,1.1486565908304095e-07,5.7432825292005565e-08,5.7432825292005565e-08,0,1.0,1.0,0,1.0,1.0,-1,0,0
init_layout_dummy_random,20,data/dummy.json,10.700000047683716,0.5,0.2999999523162842,0,0.10000002384185791,6.899999976158142,14.699999928474426,1,1,1,1,3.988831101714982e-08,1.9944131857644988e-08,1.9944131857644988e-08,0,1.0,1.0,0,1.0,1.0,-1,0,0
init_layout_dummy_random,21,data/dummy.json,10.700000047683716,0.5,0.2999999523162842,0,0.10000002384185791,6.899999976158142,14.900000095367432,1,1,1,1,7.673111596202607e-09,3.8365699499060895e-09,3.8365699499060895e-09,0,1.0,1.0,0,1.0,1.0,-1,0,0
init_layout_dummy_random,22,data/dummy.json,10.700000047683716,0.5,0.2999999523162842,0,0.10000002384185791,6.899999976158142,16.600000023841858,1,1,1,1,2.576821675961405e-09,1.2884173633006626e-09,1.2884173633006626e-09,0,1.0,1.0,0,1.0,1.0,-1,0,0
init_layout_dummy_random,23,data/dummy.json,10.700000047683716,0.5,0.2999999523162842,0,0.10000002384185791,6.899999976158142,13.700000047683716,1,1,1,1,3.977806401522603e-09,1.988913149907035e-09,1.988913149907035e-09,0,1.0,1.0,0,1.0,1.0,-1,0,0
init_layout_dummy_random,24,data/dummy.json,10.700000047683716,0.5,0.2999999523162842,0,0.10000002384185791,6.899999976158142,15.600000023841858,1,1,1,1,2.8248636588231642e-09,1.4124169459410128e-09,1.4124169459410128e-09,0,1.0,1.0,0,1.0,1.0,-1,0,0
init_layout_dummy_random,25,data/dummy.json,10.700000047683716,0.5,0.2999999523162842,0,0.10000002384185791,6.899999976158142,15.600000023841858,1,1,1,1,1.502766769941616e-09,7.51389694195429e-10,7.51389694195429e-10,0,1.0,1.0,0,1.0,1.0,-1,0,0
init_layout_dummy_random,26,data/dummy.json,10.700000047683716,0.5,0.2999999523162842,0,0.10000002384185791,6.899999976158142,13.899999976158142,1,1,1,1,6.250521369405479e-10,3.1252877685533476e-10,3.1252877685533476e-10,0,1.0,1.0,0,1.0,1.0,-1,0,0
init_layout_dummy_random,27,data/dummy.json,10.700000047683716,0.5,0.2999999523162842,0,0.10000002384185791,6.899999976158142,15.900000095367432,1,1,1,1,1.7424346639449477e-10,8.710454108451106e-11,8.710454108451106e-11,0,1.0,1.0,0,1.0,1.0,-1,0,0
init_layout_dummy_random,28,data/dummy.json,10.700000047683716,0.5,0.2999999523162842,0,0.10000002384185791,6.899999976158142,15,1,1,1,1,7.806709088218014e-12,3.904029843782331e-12,3.904029843782331e-12,0,1.0,1.0,0,1.0,1.0,-1,0,0
init_layout_dummy_random,29,data/dummy.json,10.700000047683716,0.5,0.2999999523162842,0,0.10000002384185791,6.899999976158142,15.800000071525574,1,1,1,1,5.592076654133471e-11,2.7962860271870605e-11,2.7962860271870605e-11,0,1.0,1.0,0,1.0,1.0,-1,0,0
init_layout_dummy_random,30,data/dummy.json,10.700000047683716,0.5,0.2999999523162842,0,0.10000002384185791,6.899999976158142,15.5,1,1,1,1,5.134269592454464e-11,2.5668690454348552e-11,2.5668690454348552e-11,0,1.0,1.0,0,1.0,1.0,-1,0,0
init_layout_dummy_random,31,data/dummy.json,10.700000047683716,0.5,0.2999999523162842,0,0.10000002384185791,6.899999976158142,15.100000023841858,1,1,1,1,3.356091237600297e-11,1.6778440275567667e-11,1.6778440275567667e-11,0,1.0,1.0,0,1.0,1.0,-1,0,0
init_layout_dummy_random,32,data/dummy.json,10.700000047683716,0.5,0.2999999523162842,0,0.10000002384185791,6.899999976158142,16,1,1,1,1,1.7729327665688286e-11,8.851891097036422e-12,8.851891097036422e-12,0,1.0,1.0,0,1.0,1.0,-1,0,0
init_layout_dummy_random,33,data/dummy.json,10.700000047683716,0.5,0.2999999523162842,0,0.10000002384185791,6.899999976158142,15.5,1,1,1,1,7.469472594197419e-12,3.701375270816176e-12,3.701375270816176e-12,0,1.0,1.0,0,1.0,1.0,-1,0,0
init_layout_dummy_random,34,data/dummy.json,10.700000047683716,0.5,0.2999999523162842,0,0.10000002384185791,6.899999976158142,14.399999976158142,1,1,1,1,2.056010590431076e-12,1.0056627395985135e-12,1.0056627395985135e-12,0,1.0,1.0,0,1.0,1.0,-1,0,0
init_layout_dummy_random,35,data/dummy.json,10.700000047683716,0.5,0.2999999523162842,0,0.10000002384185791,6.899999976158142,15.899999976158142,1,1,1,1,2.593200677083845e-13,1.6077746776921858e-13,1.6077746776921858e-13,0,1.0,1.0,0,1.0,1.0,-1,0,0
init_layout_dummy_random,36,data/dummy.json,10.700000047683716,0.5,0.2999999523162842,0,0.10000002384185791,6.899999976158142,15.799999952316284,1,1,1,1,9.172731250170678e-13,4.43961293735052e-13,4.43961293735052e-13,0,1.0,1.0,0,1.0,1.0,-1,0,0
init_layout_dummy_random,37,data/dummy.json,10.700000047683716,0.5,0.2999999523162842,0,0.10000002384185791,6.899999976158142,16.600000023841858,1,1,1,1,8.985846926924949e-13,4.43961293735052e-13,4.43961293735052e-13,0,1.0,1.0,0,1.0,1.0,-1,0,0
init_layout_dummy_random,38,data/dummy.json,10.700000047683716,0.5,0.2999999523162842,0,0.10000002384185791,6.899999976158142,13.399999976158142,1,1,1,1,6.468063468252422e-13,3.2155493553843715e-13,3.2155493553843715e-13,0,1.0,1.0,0,1.0,1.0,-1,0,0
init_layout_dummy_random,39,data/dummy.json,10.700000047683716,0.5,0.2999999523162842,0,0.10000002384185791,6.899999976158142,16.399999976158142,1,1,1,1,3.868930199089501e-13,2.0495186137532011e-13,2.0495186137532011e-13,0,1.0,1.0,0,1.0,1.0,-1,0,0
init_layout_dummy_random,40,data/dummy.json,10.700000047683716,0.5,0.2999999523162842,0,0.10000002384185791,6.899999976158142,14.800000071525574,1,1,1,1,1.88573270749532e-13,8.038873388460929e-14,8.038873388460929e-14,0,1.0,1.0,0,1.0,1.0,-1,0,0
init_layout_dummy_random,41,data/dummy.json,10.700000047683716,0.5,0.2999999523162842,0,0.10000002384185791,6.899999976158142,16,1,1,1,1,8.247703083099779e-14,5.684341886080802e-14,5.684341886080802e-14,0,1.0,1.0,0,1.0,1.0,-1,0,0
init_layout_dummy_random,42,data/dummy.json,10.700000047683716,0.5,0.2999999523162842,0,0.10000002384185791,6.899999976158142,14.600000023841858,1,1,1,1,2.0091003348452508e-14,0,0,0,1.0,1.0,0,1.0,1.0,-1,0,0
init_layout_dummy_random,43,data/dummy.json,10.700000047683716,0.5,0.2999999523162842,0,0.10000002384185791,6.899999976158142,15.699999928474426,1,1,1,1,9.278170416749356e-16,0,0,0,1.0,1.0,0,1.0,1.0,-1,0,0
init_layout_dummy_random,44,data/dummy.json,10.700000047683716,0.5,0.2999999523162842,0,0.10000002384185791,6.899999976158142,15.199999928474426,1,1,1,1,1.0853689286547535e-14,0,0,0,1.0,1.0,0,1.0,1.0,-1,0,0
init_layout_dummy_random,45,data/dummy.json,10.700000047683716,0.5,0.2999999523162842,0,0.10000002384185791,6.899999976158142,15.299999952316284,1,1,1,1,1.5114083034210924e-14,0,0,0,1.0,1.0,0,1.0,1.0,-1,0,0
init_layout_dummy_random,46,data/dummy.json,10.700000047683716,0.5,0.2999999523162842,0,0.10000002384185791,6.899999976158142,16.600000023841858,1,1,1,1,1.7468875084590174e-14,0,0,0,1.0,1.0,0,1.0,1.0,-1,0,0
init_layout_dummy_random,47,data/dummy.json,10.700000047683716,0.5,0.2999999523162842,0,0.10000002384185791,6.899999976158142,14.5,1,1,1,1,1.7916956525520966e-14,0,0,0,1.0,1.0,0,1.0,1.0,-1,0,0
init_layout_dummy_random,48,data/dummy.json,10.700000047683716,0.5,0.2999999523162842,0,0.10000002384185791,6.899999976158142,14.600000023841858,1,1,1,1,1.8058124756845643e-14,0,0,0,1.0,1.0,0,1.0,1.0,-1,0,0
init_layout_dummy_random,49,data/dummy.json,10.700000047683716,0.5,0.2999999523162842,0,0.10000002384185791,6.899999976158142,15.5,1,1,1,1,1.7964012357867444e-14,0,0,0,1.0,1.0,0,1.0,1.0,-1,0,0
init_layout_dummy_random,50,data/dummy.json,10.700000047683716,0.5,0.2999999523162842,0,0.10000002384185791,6.899999976158142,15.199999928474426,1,1,1,1,1.7753340989612454e-14,0,0,0,1.0,1.0,0,1.0,1.0,-1,0,0
init_layout_dummy_random,51,data/dummy.json,10.700000047683716,0.5,0.2999999523162842,0,0.10000002384185791,6.899999976158142,15.899999976158142,1,1,1,1,1.7446412135963733e-14,0,0,0,1.0,1.0,0,1.0,1.0,-1,0,0
init_layout_dummy_random,52,data/dummy.json,10.700000047683716,0.5,0.2999999523162842,0,0.10000002384185791,6.899999976158142,15,1,1,1,1,1.7090357244955058e-14,0,0,0,1.0,1.0,0,1.0,1.0,-1,0,0
init_layout_dummy_random,53,data/dummy.json,10.700000047683716,0.5,0.2999999523162842,0,0.10000002384185791,6.899999976158142,16.199999928474426,1,1,1,1,1.6713886807284234e-14,0,0,0,1.0,1.0,0,1.0,1.0,-1,0,0
init_layout_dummy_random,54,data/dummy.json,10.700000047683716,0.5,0.2999999523162842,0,0.10000002384185791,6.899999976158142,15.199999928474426,1,1,1,1,1.6359926439740297e-14,0,0,0,1.0,1.0,0,1.0,1.0,-1,0,0
init_layout_dummy_random,55,data/dummy.json,10.700000047683716,0.5,0.2999999523162842,0,0.10000002384185791,6.899999976158142,15.399999976158142,1,1,1,1,1.6030520978794377e-14,0,0,0,1.0,1.0,0,1.0,1.0,-1,0,0
init_layout_dummy_random,56,data/dummy.json,10.700000047683716,0.5,0.2999999523162842,0,0.10000002384185791,6.899999976158142,17.100000023841858,1,1,1,1,1.567655746970884e-14,0,0,0,1.0,1.0,0,1.0,1.0,-1,0,0
init_layout_dummy_random,57,data/dummy.json,10.700000047683716,0.5,0.2999999523162842,0,0.10000002384185791,6.899999976158142,14.800000071525574,1,1,1,1,1.5911851021878732e-14,0,0,0,1.0,1.0,0,1.0,1.0,-1,0,0
init_layout_dummy_random,58,data/dummy.json,10.700000047683716,0.5,0.2999999523162842,0,0.10000002384185791,6.899999976158142,15.399999976158142,1,1,1,1,1.5345133799212226e-14,0,0,0,1.0,1.0,0,1.0,1.0,-1,0,0
init_layout_dummy_random,59,data/dummy.json,10.700000047683716,0.5,0.2999999523162842,0,0.10000002384185791,6.899999976158142,15.399999976158142,1,1,1,1,1.539219623707658e-14,0,0,0,1.0,1.0,0,1.0,1.0,-1,0,0
init_layout_dummy_random,60,data/dummy.json,10.700000047683716,0.5,0.2999999523162842,0,0.10000002384185791,6.899999976158142,15.5,1,1,1,1,1.5298071609630028e-14,0,0,0,1.0,1.0,0,1.0,1.0,-1,0,0
init_layout_dummy_random,61,data/dummy.json,10.700000047683716,0.5,0.2999999523162842,0,0.10000002384185791,6.899999976158142,14.100000023841858,1,1,1,1,1.510982538052172e-14,0,0,0,1.0,1.0,0,1.0,1.0,-1,0,0
init_layout_dummy_random,62,data/dummy.json,10.700000047683716,0.5,0.2999999523162842,0,0.10000002384185791,6.899999976158142,18.600000023841858,1,1,1,1,1.4850003864917797e-14,0,0,0,1.0,1.0,0,1.0,1.0,-1,0,0
init_layout_dummy_random,63,data/dummy.json,10.700000047683716,0.5,0.2999999523162842,0,0.10000002384185791,6.899999976158142,12.200000047683716,1,1,1,1,1.4590193470113434e-14,0,0,0,1.0,1.0,0,1.0,1.0,-1,0,0
init_layout_dummy_random,64,data/dummy.json,10.700000047683716,0.5,0.2999999523162842,0,0.10000002384185791,6.899999976158142,16.5,1,1,1,1,1.4260748846521316e-14,0,0,0,1.0,1.0,0,1.0,1.0,-1,0,0
init_layout_dummy_random,65,data/dummy.json,10.700000047683716,0.5,0.2999999523162842,0,0.10000002384185791,6.899999976158142,14,1,1,1,1,1.3978378054193981e-14,0,0,0,1.0,1.0,0,1.0,1.0,-1,0,0
init_layout_dummy_random,66,data/dummy.json,10.700000047683716,0.5,0.2999999523162842,0,0.10000002384185791,6.899999976158142,16.100000023841858,1,1,1,1,1.364895832545657e-14,0,0,0,1.0,1.0,0,1.0,1.0,-1,0,0
init_layout_dummy_random,67,data/dummy.json,10.700000047683716,0.5,0.2999999523162842,0,0.10000002384185791,6.899999976158142,25,1,1,1,1,1.3391195148076711e-14,0,0,0,1.0,1.0,0,1.0,1.0,-1,0,0
init_layout_dummy_random,68,data/dummy.json,10.700000047683716,0.5,0.2999999523162842,0,0.10000002384185791,6.899999976158142,15,1,1,1,1,1.3059705912934707e-14,0,0,0,1.0,1.0,0,1.0,1.0,-1,0,0
init_layout_dummy_random,69,data/dummy.json,10.700000047683716,0.5,0.2999999523162842,0,0.10000002384185791,6.899999976158142,19.300000071525574,1,1,1,1,1.2752809599073024e-14,0,0,0,1.0,1.0,0,1.0,1.0,-1,0,0
init_layout_dummy_random,70,data/dummy.json,10.700000047683716,0.5,0.2999999523162842,0,0.10000002384185791,6.899999976158142,4.800000071525574,1,1,1,1,1.2447971855207466e-14,0,0,0,1.0,1.0,0,1.0,1.0,-1,0,0
init_layout_dummy_random,71,data/dummy.json,10.700000047683716,0.5,0.2999999523162842,0,0.10000002384185791,6.899999976158142,12.399999976158142,1,1,1,1,1.2212705591684817e-14,0,0,0,1.0,1.0,0,1.0,1.0,-1,0,0
init_layout_dummy_random,72,data/dummy.json,10.700000047683716,0.5,0.2999999523162842,0,0.10000002384185791,6.899999976158142,14.900000095367432,1,1,1,1,1.1977449060425956e-14,0,0,0,1.0,1.0,0,1.0,1.0,-1,0,0
init_layout_dummy_random,73,data/dummy.json,10.700000047683716,0.5,0.2999999523162842,0,0.10000002384185791,6.899999976158142,15.299999952316284,1,1,1,1,1.1681737173780382e-14,0,0,0,1.0,1.0,0,1.0,1.0,-1,0,0
init_layout_dummy_random,74,data/dummy.json,10.700000047683716,0.5,0.2999999523162842,0,0.10000002384185791,6.899999976158142,16.100000023841858,1,1,1,1,1.1386066506905228e-14,0,0,0,1.0,1.0,0,1.0,1.0,-1,0,0
init_layout_dummy_random,75,data/dummy.json,10.700000047683716,0.5,0.2999999523162842,0,0.10000002384185791,6.899999976158142,15.099999904632568,1,1,1,1,1.1126229533311759e-14,0,0,0,1.0,1.0,0,1.0,1.0,-1,0,0
init_layout_dummy_random,76,data/dummy.json,10.700000047683716,0.5,0.2999999523162842,0,0.10000002384185791,6.899999976158142,15.5,1,1,1,1,1.0867402069970351e-14,0,0,0,1.0,1.0,0,1.0,1.0,-1,0,0
init_layout_dummy_random,77,data/dummy.json,10.700000047683716,0.5,0.2999999523162842,0,0.10000002384185791,6.899999976158142,15.699999928474426,1,1,1,1,1.0632114427321883e-14,0,0,0,1.0,1.0,0,1.0,1.0,-1,0,0
init_layout_dummy_random,78,data/dummy.json,10.700000047683716,0.5,0.2999999523162842,0,0.10000002384185791,6.899999976158142,17.600000023841858,1,1,1,1,1.040807439892424e-14,0,0,0,1.0,1.0,0,1.0,1.0,-1,0,0
init_layout_dummy_random,79,data/dummy.json,10.700000047683716,0.5,0.2999999523162842,0,0.10000002384185791,6.899999976158142,14,1,1,1,1,1.0149267900981441e-14,0,0,0,1.0,1.0,0,1.0,1.0,-1,0,0
init_layout_dummy_random,80,data/dummy.json,10.700000047683716,0.5,0.2999999523162842,0,0.10000002384185791,6.899999976158142,15.100000023841858,1,1,1,1,9.94772220868941e-15,0,0,0,1.0,1.0,0,1.0,1.0,-1,0,0
init_layout_dummy_random,81,data/dummy.json,10.700000047683716,0.5,0.2999999523162842,0,0.10000002384185791,6.899999976158142,15.199999928474426,1,1,1,1,9.711428016280125e-15,0,0,0,1.0,1.0,0,1.0,1.0,-1,0,0
init_layout_dummy_random,82,data/dummy.json,10.700000047683716,0.5,0.2999999523162842,0,0.10000002384185791,6.899999976158142,16.399999976158142,1,1,1,1,9.46386335192069e-15,0,0,0,1.0,1.0,0,1.0,1.0,-1,0,0
init_layout_dummy_random,83,data/dummy.json,10.700000047683716,0.5,0.2999999523162842,0,0.10000002384185791,6.899999976158142,15.099999904632568,1,1,1,1,9.2520837260393e-15,0,0,0,1.0,1.0,0,1.0,1.0,-1,0,0
init_layout_dummy_random,84,data/dummy.json,10.700000047683716,0.5,0.2999999523162842,0,0.10000002384185791,6.899999976158142,15.300000071525574,1,1,1,1,9.051579619947796e-15,0,0,0,1.0,1.0,0,1.0,1.0,-1,0,0
init_layout_dummy_random,85,data/dummy.json,10.700000047683716,0.5,0.2999999523162842,0,0.10000002384185791,6.899999976158142,15.899999976158142,1,1,1,1,8.85107681546968e-15,0,0,0,1.0,1.0,0,1.0,1.0,-1,0,0
init_layout_dummy_random,86,data/dummy.json,10.700000047683716,0.5,0.2999999523162842,0,0.10000002384185791,6.899999976158142,15.700000047683716,1,1,1,1,8.675098290975412e-15,0,0,0,1.0,1.0,0,1.0,1.0,-1,0,0
init_layout_dummy_random,87,data/dummy.json,10.700000047683716,0.5,0.2999999523162842,0,0.10000002384185791,6.899999976158142,14.799999952316284,1,1,1,1,8.451060033254911e-15,0,0,0,1.0,1.0,0,1.0,1.0,-1,0,0
init_layout_dummy_random,88,data/dummy.json,10.700000047683716,0.5,0.2999999523162842,0,0.10000002384185791,6.899999976158142,16.199999928474426,1,1,1,1,8.239300474631053e-15,0,0,0,1.0,1.0,0,1.0,1.0,-1,0,0
init_layout_dummy_random,89,data/dummy.json,10.700000047683716,0.5,0.2999999523162842,0,0.10000002384185791,6.899999976158142,16.800000071525574,1,1,1,1,8.074605957684825e-15,0,0,0,1.0,1.0,0,1.0,1.0,-1,0,0
init_layout_dummy_random,90,data/dummy.json,10.700000047683716,0.5,0.2999999523162842,0,0.10000002384185791,6.899999976158142,14.800000071525574,1,1,1,1,7.88639210521418e-15,0,0,0,1.0,1.0,0,1.0,1.0,-1,0,0
init_layout_dummy_random,91,data/dummy.json,10.700000047683716,0.5,0.2999999523162842,0,0.10000002384185791,6.899999976158142,14.799999952316284,1,1,1,1,7.698187902614463e-15,0,0,0,1.0,1.0,0,1.0,1.0,-1,0,0
init_layout_dummy_random,92,data/dummy.json,10.700000047683716,0.5,0.2999999523162842,0,0.10000002384185791,6.899999976158142,15.5,1,1,1,1,7.532413228785755e-15,0,0,0,1.0,1.0,0,1.0,1.0,-1,0,0
init_layout_dummy_random,93,data/dummy.json,10.700000047683716,0.5,0.2999999523162842,0,0.10000002384185791,6.899999976158142,15.100000023841858,1,1,1,1,7.355426537689906e-15,0,0,0,1.0,1.0,0,1.0,1.0,-1,0,0
init_layout_dummy_random,94,data/dummy.json,10.700000047683716,0.5,0.2999999523162842,0,0.10000002384185791,6.899999976158142,15.700000047683716,1,1,1,1,7.190736347521586e-15,0,0,0,1.0,1.0,0,1.0,1.0,-1,0,0
init_layout_dummy_random,95,data/dummy.json,10.700000047683716,0.5,0.2999999523162842,0,0.10000002384185791,6.899999976158142,20.300000071525574,1,1,1,1,7.024988277804175e-15,0,0,0,1.0,1.0,0,1.0,1.0,-1,0,0
init_layout_dummy_random,96,data/dummy.json,10.700000047683716,0.5,0.2999999523162842,0,0.10000002384185791,6.899999976158142,14.599999904632568,1,1,1,1,6.883816979436946e-15,0,0,0,1.0,1.0,0,1.0,1.0,-1,0,0
init_layout_dummy_random,97,data/dummy.json,10.700000047683716,0.5,0.2999999523162842,0,0.10000002384185791,6.899999976158142,19.399999976158142,1,1,1,1,6.7191244121027366e-15,0,0,0,1.0,1.0,0,1.0,1.0,-1,0,0
init_layout_dummy_random,98,data/dummy.json,10.700000047683716,0.5,0.2999999523162842,0,0.10000002384185791,6.899999976158142,15.899999976158142,1,1,1,1,6.553382353822818e-15,0,0,0,1.0,1.0,0,1.0,1.0,-1,0,0
init_layout_dummy_random,99,data/dummy.json,10.700000047683716,0.5,0.2999999523162842,0,0.10000002384185791,6.899999976158142,16.200000047683716,1,1,1,1,6.399935009681843e-15,0,0,0,1.0,1.0,0,1.0,1.0,-1,0,0
init_layout_dummy_random,100,data/dummy.json,10.700000047683716,0.5,0.2999999523162842,0,0.10000002384185791,6.899999976158142,14.899999976158142,1,1,1,1,6.270023234445007e-15,0,0,0,1.0,1.0,0,1.0,1.0,-1,0,0
init_layout_dummy_random,101,data/dummy.json,10.700000047683716,0.5,0.2999999523162842,0,0.10000002384185791,6.899999976158142,14.700000047683716,1,1,1,1,6.134475135294964e-15,0,0,0,1.0,1.0,0,1.0,1.0,-1,0,0
init_layout_dummy_random,102,data/dummy.json,10.700000047683716,0.5,0.2999999523162842,0,0.10000002384185791,6.899999976158142,15.100000023841858,1,1,1,1,5.987659320537787e-15,0,0,0,1.0,1.0,0,1.0,1.0,-1,0,0
init_layout_dummy_random,103,data/dummy.json,10.700000047683716,0.5,0.2999999523162842,0,0.10000002384185791,6.899999976158142,17.299999952316284,1,1,1,1,5.839847642798994e-15,0,0,0,1.0,1.0,0,1.0,1.0,-1,0,0
init_layout_dummy_random,104,data/dummy.json,10.700000047683716,0.5,0.2999999523162842,0,0.10000002384185791,6.899999976158142,14.200000047683716,1,1,1,1,5.710938164401817e-15,0,0,0,1.0,1.0,0,1.0,1.0,-1,0,0
init_layout_dummy_random,105,data/dummy.json,10.700000047683716,0.5,0.2999999523162842,0,0.10000002384185791,6.899999976158142,16.200000047683716,1,1,1,1,5.592778790321397e-15,0,0,0,1.0,1.0,0,1.0,1.0,-1,0,0
init_layout_dummy_random,106,data/dummy.json,10.700000047683716,0.5,0.2999999523162842,0,0.10000002384185791,6.899999976158142,17,1,1,1,1,5.451605574897288e-15,0,0,0,1.0,1.0,0,1.0,1.0,-1,0,0
init_layout_dummy_random,107,data/dummy.json,10.700000047683716,0.5,0.2999999523162842,0,0.10000002384185791,6.899999976158142,14.5,1,1,1,1,5.322203093519505e-15,0,0,0,1.0,1.0,0,1.0,1.0,-1,0,0
init_layout_dummy_random,108,data/dummy.json,10.700000047683716,0.5,0.2999999523162842,0,0.10000002384185791,6.899999976158142,20.600000023841858,1,1,1,1,5.210182143992439e-15,0,0,0,1.0,1.0,0,1.0,1.0,-1,0,0
init_layout_dummy_random,109,data/dummy.json,10.700000047683716,0.5,0.2999999523162842,0,0.10000002384185791,6.899999976158142,14.600000023841858,1,1,1,1,5.2567228374711914e-15,0,0,0,1.0,1.0,0,1.0,1.0,-1,0,0
init_layout_dummy_random,110,data/dummy.json,10.700000047683716,0.5,0.2999999523162842,0,0.10000002384185791,6.899999976158142,15.100000023841858,1,1,1,1,5.079748075101118e-15,0,0,0,1.0,1.0,0,1.0,1.0,-1,0,0
init_layout_dummy_random,111,data/dummy.json,10.700000047683716,0.5,0.2999999523162842,0,0.10000002384185791,6.899999976158142,15.299999952316284,1,1,1,1,5.0853888044866154e-15,0,0,0,1.0,1.0,0,1.0,1.0,-1,0,0
init_layout_dummy_random,112,data/dummy.json,10.700000047683716,0.5,0.2999999523162842,0,0.10000002384185791,6.899999976158142,14.699999928474426,1,1,1,1,5.038325082008501e-15,0,0,0,1.0,1.0,0,1.0,1.0,-1,0,0
init_layout_dummy_random,113,data/dummy.json,10.700000047683716,0.5,0.2999999523162842,0,0.10000002384185791,6.899999976158142,17,1,1,1,1,4.967256333394633e-15,0,0,0,1.0,1.0,0,1.0,1.0,-1,0,0
init_layout_dummy_random,114,data/dummy.json,10.700000047683716,0.5,0.2999999523162842,0,0.10000002384185791,6.899999976158142,14.899999976158142,1,1,1,1,4.890543450080526e-15,0,0,0,1.0,1.0,0,1.0,1.0,-1,0,0
init_layout_dummy_random,115,data/dummy.json,10.700000047683716,0.5,0.2999999523162842,0,0.10000002384185791,6.899999976158142,15.100000023841858,1,1,1,1,4.796409212577325e-15,0,0,0,1.0,1.0,0,1.0,1.0,-1,0,0
init_layout_dummy_random,116,data/dummy.json,10.700000047683716,0.5,0.2999999523162842,0,0.10000002384185791,6.899999976158142,14.600000023841858,1,1,1,1,4.843948350680777e-15,0,0,0,1.0,1.0,0,1.0,1.0,-1,0,0
init_layout_dummy_random,117,data/dummy.json,10.700000047683716,0.5,0.2999999523162842,0,0.10000002384185791,6.899999976158142,16.399999976158142,1,1,1,1,4.6848690264076806e-15,0,0,0,1.0,1.0,0,1.0,1.0,-1,0,0
init_layout_dummy_random,118,data/dummy.json,10.700000047683716,0.5,0.2999999523162842,0,0.10000002384185791,6.899999976158142,21.300000071525574,1,1,1,1,4.696634613376557e-15,0,0,0,1.0,1.0,0,1.0,1.0,-1,0,0
init_layout_dummy_random,119,data/dummy.json,10.700000047683716,0.5,0.2999999523162842,0,0.10000002384185791,6.899999976158142,29.200000047683716,1,1,1,1,4.661338005592877e-15,0,0,0,1.0,1.0,0,1.0,1.0,-1,0,0
init_layout_dummy_random,120,data/dummy.json,10.700000047683716,0.5,0.2999999523162842,0,0.10000002384185791,6.899999976158142,17.600000023841858,1,1,1,1,4.602511365039827e-15,0,0,0,1.0,1.0,0,1.0,1.0,-1,0,0
init_layout_dummy_random,121,data/dummy.json,10.700000047683716,0.5,0.2999999523162842,0,0.10000002384185791,6.899999976158142,18.600000023841858,1,1,1,1,4.5083915545837674e-15,0,0,0,1.0,1.0,0,1.0,1.0,-1,0,0
init_layout_dummy_random,122,data/dummy.json,10.700000047683716,0.5,0.2999999523162842,0,0.10000002384185791,6.899999976158142,16.799999952316284,1,1,1,1,4.419902649115217e-15,0,0,0,1.0,1.0,0,1.0,1.0,-1,0,0
init_layout_dummy_random,123,data/dummy.json,10.700000047683716,0.5,0.2999999523162842,0,0.10000002384185791,6.899999976158142,17.199999928474426,1,1,1,1,4.337549145487706e-15,0,0,0,1.0,1.0,0,1.0,1.0,-1,0,0
init_layout_dummy_random,124,data/dummy.json,10.700000047683716,0.5,0.2999999523162842,0,0.10000002384185791,6.899999976158142,21.5,1,1,1,1,4.231670438070536e-15,0,0,0,1.0,1.0,0,1.0,1.0,-1,0,0
init_layout_dummy_random,125,data/dummy.json,10.700000047683716,0.5,0.2999999523162842,0,0.10000002384185791,6.899999976158142,15.200000047683716,1,1,1,1,4.1431786287969886e-15,0,0,0,1.0,1.0,0,1.0,1.0,-1,0,0
init_layout_dummy_random,126,data/dummy.json,10.700000047683716,0.5,0.2999999523162842,0,0.10000002384185791,6.899999976158142,15.900000095367432,1,1,1,1,4.054687777107832e-15,0,0,0,1.0,1.0,0,1.0,1.0,-1,0,0
init_layout_dummy_random,127,data/dummy.json,10.700000047683716,0.5,0.2999999523162842,0,0.10000002384185791,6.899999976158142,13.5,1,1,1,1,3.96057378787595e-15,0,0,0,1.0,1.0,0,1.0,1.0,-1,0,0
init_layout_dummy_random,128,data/dummy.json,10.700000047683716,0.5,0.2999999523162842,0,0.10000002384185791,6.899999976158142,18.700000047683716,1,1,1,1,3.8838461358181956e-15,0,0,0,1.0,1.0,0,1.0,1.0,-1,0,0
init_layout_dummy_random,129,data/dummy.json,10.700000047683716,0.5,0.2999999523162842,0,0.10000002384185791,6.899999976158142,12.899999976158142,1,1,1,1,3.7892216384259576e-15,0,0,0,1.0,1.0,0,1.0,1.0,-1,0,0
init_layout_dummy_random,130,data/dummy.json,10.700000047683716,0.5,0.2999999523162842,0,0.10000002384185791,6.899999976158142,15.5,1,1,1,1,3.7007353200321125e-15,0,0,0,1.0,1.0,0,1.0,1.0,-1,0,0
init_layout_dummy_random,131,data/dummy.json,10.700000047683716,0.5,0.2999999523162842,0,0.10000002384185791,6.899999976158142,18.200000047683716,1,1,1,1,3.615562188935103e-15,0,0,0,1.0,1.0,0,1.0,1.0,-1,0,0
init_layout_dummy_random,132,data/dummy.json,10.700000047683716,0.5,0.2999999523162842,0,0.10000002384185791,6.899999976158142,10.799999952316284,1,1,1,1,3.533210916486119e-15,0,0,0,1.0,1.0,0,1.0,1.0,-1,0,0
init_layout_dummy_random,133,data/dummy.json,10.700000047683716,0.5,0.2999999523162842,0,0.10000002384185791,6.899999976158142,14.200000047683716,1,1,1,1,3.456484475310516e-15,0,0,0,1.0,1.0,0,1.0,1.0,-1,0,0
init_layout_dummy_random,134,data/dummy.json,10.700000047683716,0.5,0.2999999523162842,0,0.10000002384185791,6.899999976158142,15.600000023841858,1,1,1,1,3.383089300327147e-15,0,0,0,1.0,1.0,0,1.0,1.0,-1,0,0
init_layout_dummy_random,135,data/dummy.json,10.700000047683716,0.5,0.2999999523162842,0,0.10000002384185791,6.899999976158142,15.599999904632568,1,1,1,1,3.300478156563292e-15,0,0,0,1.0,1.0,0,1.0,1.0,-1,0,0
init_layout_dummy_random,136,data/dummy.json,10.700000047683716,0.5,0.2999999523162842,0,0.10000002384185791,6.899999976158142,14.600000023841858,1,1,1,1,3.2209400770084705e-15,0,0,0,1.0,1.0,0,1.0,1.0,-1,0,0
init_layout_dummy_random,137,data/dummy.json,10.700000047683716,0.5,0.2999999523162842,0,0.10000002384185791,6.899999976158142,16.100000023841858,1,1,1,1,3.1472840144565547e-15,0,0,0,1.0,1.0,0,1.0,1.0,-1,0,0
init_layout_dummy_random,138,data/dummy.json,10.700000047683716,0.5,0.2999999523162842,0,0.10000002384185791,6.899999976158142,14.600000023841858,1,1,1,1,3.079509883155078e-15,0,0,0,1.0,1.0,0,1.0,1.0,-1,0,0
init_layout_dummy_random,139,data/dummy.json,10.700000047683716,0.5,0.2999999523162842,0,0.10000002384185791,6.899999976158142,14.900000095367432,1,1,1,1,3.008663748879993e-15,0,0,0,1.0,1.0,0,1.0,1.0,-1,0,0
init_layout_dummy_random,140,data/dummy.json,10.700000047683716,0.5,0.2999999523162842,0,0.10000002384185791,6.899999976158142,16.40000009536743,1,1,1,1,2.9437025574996703e-15,0,0,0,1.0,1.0,0,1.0,1.0,-1,0,0
init_layout_dummy_random,141,data/dummy.json,10.700000047683716,0.5,0.2999999523162842,0,0.10000002384185791,6.899999976158142,14.599999904632568,1,1,1,1,2.875928358646876e-15,0,0,0,1.0,1.0,0,1.0,1.0,-1,0,0
init_layout_dummy_random,142,data/dummy.json,10.700000047683716,0.5,0.2999999523162842,0,0.10000002384185791,6.899999976158142,15.5,1,1,1,1,2.8022717661597775e-15,0,0,0,1.0,1.0,0,1.0,1.0,-1,0,0
init_layout_dummy_random,143,data/dummy.json,10.700000047683716,0.5,0.2999999523162842,0,0.10000002384185791,6.899999976158142,15.699999928474426,1,1,1,1,2.7434491133308687e-15,0,0,0,1.0,1.0,0,1.0,1.0,-1,0,0
init_layout_dummy_random,144,data/dummy.json,10.700000047683716,0.5,0.2999999523162842,0,0.10000002384185791,6.899999976158142,15.700000047683716,1,1,1,1,2.6846289075504297e-15,0,0,0,1.0,1.0,0,1.0,1.0,-1,0,0
init_layout_dummy_random,145,data/dummy.json,10.700000047683716,0.5,0.2999999523162842,0,0.10000002384185791,6.899999976158142,14.700000047683716,1,1,1,1,2.6227366787137953e-15,0,0,0,1.0,1.0,0,1.0,1.0,-1,0,0
init_layout_dummy_random,146,data/dummy.json,10.700000047683716,0.5,0.2999999523162842,0,0.10000002384185791,6.899999976158142,15.899999976158142,1,1,1,1,2.5580373309413656e-15,0,0,0,1.0,1.0,0,1.0,1.0,-1,0,0
init_layout_dummy_random,147,data/dummy.json,10.700000047683716,0.5,0.2999999523162842,0,0.10000002384185791,6.899999976158142,14.700000047683716,1,1,1,1,2.498952253056769e-15,0,0,0,1.0,1.0,0,1.0,1.0,-1,0,0
init_layout_dummy_random,148,data/dummy.json,10.700000047683716,0.5,0.2999999523162842,0,0.10000002384185791,6.899999976158142,15.799999952316284,1,1,1,1,2.4398713943368347e-15,0,0,0,1.0,1.0,0,1.0,1.0,-1,0,0
init_layout_dummy_random,149,data/dummy.json,10.700000047683716,0.5,0.2999999523162842,0,0.10000002384185791,6.899999976158142,15.299999952316284,1,1,1,1,2.383861822865305e-15,0,0,0,1.0,1.0,0,1.0,1.0,-1,0,0
init_layout_dummy_random,150,data/dummy.json,10.700000047683716,0.5,0.2999999523162842,0,0.10000002384185791,6.899999976158142,16.199999928474426,1,1,1,1,2.325039772974416e-15,0,0,0,1.0,1.0,0,1.0,1.0,-1,0,0
init_layout_dummy_random,151,data/dummy.json,10.700000047683716,0.5,0.2999999523162842,0,0.10000002384185791,6.899999976158142,15.600000023841858,1,1,1,1,2.274911895318426e-15,0,0,0,1.0,1.0,0,1.0,1.0,-1,0,0
init_layout_dummy_random,152,data/dummy.json,10.700000047683716,0.5,0.2999999523162842,0,0.10000002384185791,6.899999976158142,16.09999990463257,1,1,1,1,2.2247842578920933e-15,0,0,0,1.0,1.0,0,1.0,1.0,-1,0,0
init_layout_dummy_random,153,data/dummy.json,10.700000047683716,0.5,0.2999999523162842,0,0.10000002384185791,6.899999976158142,15,1,1,1,1,2.1744097739647776e-15,0,0,0,1.0,1.0,0,1.0,1.0,-1,0,0
init_layout_dummy_random,154,data/dummy.json,10.700000047683716,0.5,0.2999999523162842,0,0.10000002384185791,6.899999976158142,14.799999952316284,1,1,1,1,2.121463973425265e-15,0,0,0,1.0,1.0,0,1.0,1.0,-1,0,0
init_layout_dummy_random,155,data/dummy.json,10.700000047683716,0.5,0.2999999523162842,0,0.10000002384185791,6.899999976158142,15.700000047683716,1,1,1,1,2.077471461124147e-15,0,0,0,1.0,1.0,0,1.0,1.0,-1,0,0
init_layout_dummy_random,156,data/dummy.json,10.700000047683716,0.5,0.2999999523162842,0,0.10000002384185791,6.899999976158142,15.5,1,1,1,1,2.033490421550141e-15,0,0,0,1.0,1.0,0,1.0,1.0,-1,0,0
init_layout_dummy_random,157,data/dummy.json,10.700000047683716,0.5,0.2999999523162842,0,0.10000002384185791,6.899999976158142,15.100000023841858,1,1,1,1,1.9861688995774805e-15,0,0,0,1.0,1.0,0,1.0,1.0,-1,0,0
init_layout_dummy_random,158,data/dummy.json,10.700000047683716,0.5,0.2999999523162842,0,0.10000002384185791,6.899999976158142,15.800000071525574,1,1,1,1,1.9391138471637778e-15,0,0,0,1.0,1.0,0,1.0,1.0,-1,0,0
init_layout_dummy_random,159,data/dummy.json,10.700000047683716,0.5,0.2999999523162842,0,0.10000002384185791,6.899999976158142,14.900000095367432,1,1,1,1,1.8920611695893084e-15,0,0,0,1.0,1.0,0,1.0,1.0,-1,0,0
init_layout_dummy_random,160,data/dummy.json,10.700000047683716,0.5,0.2999999523162842,0,0.10000002384185791,6.899999976158142,15.799999952316284,1,1,1,1,1.850892167204032e-15,0,0,0,1.0,1.0,0,1.0,1.0,-1,0,0
init_layout_dummy_random,161,data/dummy.json,10.700000047683716,0.5,0.2999999523162842,0,0.10000002384185791,6.899999976158142,16.100000023841858,1,1,1,1,1.809447474992779e-15,0,0,0,1.0,1.0,0,1.0,1.0,-1,0,0
init_layout_dummy_random,162,data/dummy.json,10.700000047683716,0.5,0.2999999523162842,0,0.10000002384185791,6.899999976158142,15.099999904632568,1,1,1,1,1.772487580171735e-15,0,0,0,1.0,1.0,0,1.0,1.0,-1,0,0
init_layout_dummy_random,163,data/dummy.json,10.700000047683716,0.5,0.2999999523162842,0,0.10000002384185791,6.899999976158142,17.300000071525574,1,1,1,1,1.7313135439656324e-15,0,0,0,1.0,1.0,0,1.0,1.0,-1,0,0
init_layout_dummy_random,164,data/dummy.json,10.700000047683716,0.5,0.2999999523162842,0,0.10000002384185791,6.899999976158142,14.600000023841858,1,1,1,1,1.6943551349561353e-15,0,0,0,1.0,1.0,0,1.0,1.0,-1,0,0
init_layout_dummy_random,165,data/dummy.json,10.700000047683716,0.5,0.2999999523162842,0,0.10000002384185791,6.899999976158142,13.5,1,1,1,1,1.6531800776359233e-15,0,0,0,1.0,1.0,0,1.0,1.0,-1,0,0
init_layout_dummy_random,166,data/dummy.json,10.700000047683716,0.5,0.2999999523162842,0,0.10000002384185791,6.899999976158142,15.800000071525574,1,1,1,1,1.6163519989537456e-15,0,0,0,1.0,1.0,0,1.0,1.0,-1,0,0
init_layout_dummy_random,167,data/dummy.json,10.700000047683716,0.5,0.2999999523162842,0,0.10000002384185791,6.899999976158142,14.600000023841858,1,1,1,1,1.579523938494726e-15,0,0,0,1.0,1.0,0,1.0,1.0,-1,0,0
init_layout_dummy_random,168,data/dummy.json,10.700000047683716,0.5,0.2999999523162842,0,0.10000002384185791,6.899999976158142,16.399999976158142,1,1,1,1,1.539754941577539e-15,0,0,0,1.0,1.0,0,1.0,1.0,-1,0,0
init_layout_dummy_random,169,data/dummy.json,10.700000047683716,0.5,0.2999999523162842,0,0.10000002384185791,6.899999976158142,15.199999928474426,1,1,1,1,1.5044643751031933e-15,0,0,0,1.0,1.0,0,1.0,1.0,-1,0,0
init_layout_dummy_random,170,data/dummy.json,10.700000047683716,0.5,0.2999999523162842,0,0.10000002384185791,6.899999976158142,16.5,1,1,1,1,1.4675037172334622e-15,0,0,0,1.0,1.0,0,1.0,1.0,-1,0,0
init_layout_dummy_random,171,data/dummy.json,10.700000047683716,0.5,0.2999999523162842,0,0.10000002384185791,6.899999976158142,15.299999952316284,1,1,1,1,1.4350229835742456e-15,0,0,0,1.0,1.0,0,1.0,1.0,-1,0,0
init_layout_dummy_random,172,data/dummy.json,10.700000047683716,0.5,0.2999999523162842,0,0.10000002384185791,6.899999976158142,16.200000047683716,1,1,1,1,1.4070182884337607e-15,0,0,0,1.0,1.0,0,1.0,1.0,-1,0,0
init_layout_dummy_random,173,data/dummy.json,10.700000047683716,0.5,0.2999999523162842,0,0.10000002384185791,6.899999976158142,14.700000047683716,1,1,1,1,1.376072412442929e-15,0,0,0,1.0,1.0,0,1.0,1.0,-1,0,0
init_layout_dummy_random,174,data/dummy.json,10.700000047683716,0.5,0.2999999523162842,0,0.10000002384185791,6.899999976158142,14.699999928474426,1,1,1,1,1.3452554067185971e-15,0,0,0,1.0,1.0,0,1.0,1.0,-1,0,0
init_layout_dummy_random,175,data/dummy.json,10.700000047683716,0.5,0.2999999523162842,0,0.10000002384185791,6.899999976158142,16.100000023841858,1,1,1,1,1.3143093005756627e-15,0,0,0,1.0,1.0,0,1.0,1.0,-1,0,0
init_layout_dummy_random,176,data/dummy.json,10.700000047683716,0.5,0.2999999523162842,0,0.10000002384185791,6.899999976158142,13.600000023841858,1,1,1,1,1.2863041834205571e-15,0,0,0,1.0,1.0,0,1.0,1.0,-1,0,0
init_layout_dummy_random,177,data/dummy.json,10.700000047683716,0.5,0.2999999523162842,0,0.10000002384185791,6.899999976158142,16.100000023841858,1,1,1,1,1.2568949689194192e-15,0,0,0,1.0,1.0,0,1.0,1.0,-1,0,0
init_layout_dummy_random,178,data/dummy.json,10.700000047683716,0.5,0.2999999523162842,0,0.10000002384185791,6.899999976158142,15.599999904632568,1,1,1,1,1.2273530365930286e-15,0,0,0,1.0,1.0,0,1.0,1.0,-1,0,0
init_layout_dummy_random,179,data/dummy.json,10.700000047683716,0.5,0.2999999523162842,0,0.10000002384185791,6.899999976158142,14.900000095367432,1,1,1,1,1.1993480178701351e-15,0,0,0,1.0,1.0,0,1.0,1.0,-1,0,0
init_layout_dummy_random,180,data/dummy.json,10.700000047683716,0.5,0.2999999523162842,0,0.10000002384185791,6.899999976158142,16.5,1,1,1,1,1.1699382558840839e-15,0,0,0,1.0,1.0,0,1.0,1.0,-1,0,0
init_layout_dummy_random,181,data/dummy.json,10.700000047683716,0.5,0.2999999523162842,0,0.10000002384185791,6.899999976158142,14.5,1,1,1,1,1.1419330340077477e-15,0,0,0,1.0,1.0,0,1.0,1.0,-1,0,0
init_layout_dummy_random,182,data/dummy.json,10.700000047683716,0.5,0.2999999523162842,0,0.10000002384185791,6.899999976158142,15,1,1,1,1,1.1168688087821447e-15,0,0,0,1.0,1.0,0,1.0,1.0,-1,0,0
init_layout_dummy_random,183,data/dummy.json,10.700000047683716,0.5,0.2999999523162842,0,0.10000002384185791,6.899999976158142,15.099999904632568,1,1,1,1,1.0918046927868859e-15,0,0,0,1.0,1.0,0,1.0,1.0,-1,0,0
init_layout_dummy_random,184,data/dummy.json,10.700000047683716,0.5,0.2999999523162842,0,0.10000002384185791,6.899999976158142,16.299999952316284,1,1,1,1,1.0668747387758039e-15,0,0,0,1.0,1.0,0,1.0,1.0,-1,0,0
init_layout_dummy_random,185,data/dummy.json,10.700000047683716,0.5,0.2999999523162842,0,0.10000002384185791,6.899999976158142,14.699999928474426,1,1,1,1,1.0432127958353813e-15,0,0,0,1.0,1.0,0,1.0,1.0,-1,0,0
init_layout_dummy_random,186,data/dummy.json,10.700000047683716,0.5,0.2999999523162842,0,0.10000002384185791,6.899999976158142,14.899999976158142,1,1,1,1,1.0210895367723167e-15,0,0,0,1.0,1.0,0,1.0,1.0,-1,0,0
init_layout_dummy_random,187,data/dummy.json,10.700000047683716,0.5,0.2999999523162842,0,0.10000002384185791,6.899999976158142,14.700000047683716,1,1,1,1,9.944906888674208e-16,0,0,0,1.0,1.0,0,1.0,1.0,-1,0,0
init_layout_dummy_random,188,data/dummy.json,10.700000047683716,0.5,0.2999999523162842,0,0.10000002384185791,6.899999976158142,16.5,1,1,1,1,9.72368571817248e-16,0,0,0,1.0,1.0,0,1.0,1.0,-1,0,0
init_layout_dummy_random,189,data/dummy.json,10.700000047683716,0.5,0.2999999523162842,0,0.10000002384185791,6.899999976158142,14.299999952316284,1,1,1,1,9.516570931688567e-16,0,0,0,1.0,1.0,0,1.0,1.0,-1,0,0
init_layout_dummy_random,190,data/dummy.json,10.700000047683716,0.5,0.2999999523162842,0,0.10000002384185791,6.899999976158142,15.800000071525574,1,1,1,1,9.310666689840205e-16,0,0,0,1.0,1.0,0,1.0,1.0,-1,0,0
init_layout_dummy_random,191,data/dummy.json,10.700000047683716,0.5,0.2999999523162842,0,0.10000002384185791,6.899999976158142,15.399999976158142,1,1,1,1,9.089455743694634e-16,0,0,0,1.0,1.0,0,1.0,1.0,-1,0,0
init_layout_dummy_random,192,data/dummy.json,10.700000047683716,0.5,0.2999999523162842,0,0.10000002384185791,6.899999976158142,15.100000023841858,1,1,1,1,8.883553980724343e-16,0,0,0,1.0,1.0,0,1.0,1.0,-1,0,0
init_layout_dummy_random,193,data/dummy.json,10.700000047683716,0.5,0.2999999523162842,0,0.10000002384185791,6.899999976158142,16.200000047683716,1,1,1,1,8.684704890747955e-16,0,0,0,1.0,1.0,0,1.0,1.0,-1,0,0
init_layout_dummy_random,194,data/dummy.json,10.700000047683716,0.5,0.2999999523162842,0,0.10000002384185791,6.899999976158142,16.300000071525574,1,1,1,1,8.478812318519258e-16,0,0,0,1.0,1.0,0,1.0,1.0,-1,0,0
init_layout_dummy_random,195,data/dummy.json,10.700000047683716,0.5,0.2999999523162842,0,0.10000002384185791,6.899999976158142,14.300000071525574,1,1,1,1,8.302340161285063e-16,0,0,0,1.0,1.0,0,1.0,1.0,-1,0,0
init_layout_dummy_random,196,data/dummy.json,10.700000047683716,0.5,0.2999999523162842,0,0.10000002384185791,6.899999976158142,15.700000047683716,1,1,1,1,8.111170010549809e-16,0,0,0,1.0,1.0,0,1.0,1.0,-1,0,0
init_layout_dummy_random,197,data/dummy.json,10.700000047683716,0.5,0.2999999523162842,0,0.10000002384185791,6.899999976158142,15,1,1,1,1,7.934057789719079e-16,0,0,0,1.0,1.0,0,1.0,1.0,-1,0,0
init_layout_dummy_random,198,data/dummy.json,10.700000047683716,0.5,0.2999999523162842,0,0.10000002384185791,6.899999976158142,16.100000023841858,1,1,1,1,7.742245587468717e-16,0,0,0,1.0,1.0,0,1.0,1.0,-1,0,0
init_layout_dummy_random,199,data/dummy.json,10.700000047683716,0.5,0.2999999523162842,0,0.10000002384185791,6.899999976158142,14.599999904632568,1,1,1,1,7.57281011177796e-16,0,0,0,1.0,1.0,0,1.0,1.0,-1,0,0
init_layout_dummy_random,200,data/dummy.json,10.700000047683716,0.5,0.2999999523162842,0,0.10000002384185791,6.899999976158142,15,1,1,1,1,7.388668502555974e-16,0,0,0,1.0,1.0,0,1.0,1.0,-1,0,0
init_layout_dummy_random,201,data/dummy.json,10.700000047683716,0.5,0.2999999523162842,0,0.10000002384185791,6.899999976158142,15.400000095367432,1,1,1,1,7.22627501704341e-16,0,0,0,1.0,1.0,0,1.0,1.0,-1,0,0
init_layout_dummy_random,202,data/dummy.json,10.700000047683716,0.5,0.2999999523162842,0,0.10000002384185791,6.899999976158142,16.09999990463257,1,1,1,1,7.057469134966726e-16,0,0,0,1.0,1.0,0,1.0,1.0,-1,0,0
init_layout_dummy_random,203,data/dummy.json,10.700000047683716,0.5,0.2999999523162842,0,0.10000002384185791,6.899999976158142,15.800000071525574,1,1,1,1,6.902739148388415e-16,0,0,0,1.0,1.0,0,1.0,1.0,-1,0,0
init_layout_dummy_random,204,data/dummy.json,10.700000047683716,0.5,0.2999999523162842,0,0.10000002384185791,6.899999976158142,15.099999904632568,1,1,1,1,6.733303641599124e-16,0,0,0,1.0,1.0,0,1.0,1.0,-1,0,0
init_layout_dummy_random,205,data/dummy.json,10.700000047683716,0.5,0.2999999523162842,0,0.10000002384185791,6.899999976158142,15.600000023841858,1,1,1,1,6.578573702987322e-16,0,0,0,1.0,1.0,0,1.0,1.0,-1,0,0
init_layout_dummy_random,206,data/dummy.json,10.700000047683716,0.5,0.2999999523162842,0,0.10000002384185791,6.899999976158142,15.399999976158142,1,1,1,1,6.431520917102786e-16,0,0,0,1.0,1.0,0,1.0,1.0,-1,0,0
init_layout_dummy_random,207,data/dummy.json,10.700000047683716,0.5,0.2999999523162842,0,0.10000002384185791,6.899999976158142,15.299999952316284,1,1,1,1,6.291495523582744e-16,0,0,0,1.0,1.0,0,1.0,1.0,-1,0,0
init_layout_dummy_random,208,data/dummy.json,10.700000047683716,0.5,0.2999999523162842,0,0.10000002384185791,6.899999976158142,15.900000095367432,1,1,1,1,6.166175556952215e-16,0,0,0,1.0,1.0,0,1.0,1.0,-1,0,0
init_layout_dummy_random,209,data/dummy.json,10.700000047683716,0.5,0.2999999523162842,0,0.10000002384185791,6.899999976158142,16.200000047683716,1,1,1,1,6.011445367047892e-16,0,0,0,1.0,1.0,0,1.0,1.0,-1,0,0
init_layout_dummy_random,210,data/dummy.json,10.700000047683716,0.5,0.2999999523162842,0,0.10000002384185791,6.899999976158142,15.200000047683716,1,1,1,1,5.872084832398552e-16,0,0,0,1.0,1.0,0,1.0,1.0,-1,0,0
init_layout_dummy_random,211,data/dummy.json,10.700000047683716,0.5,0.2999999523162842,0,0.10000002384185791,6.899999976158142,15.200000047683716,1,1,1,1,5.739754095146913e-16,0,0,0,1.0,1.0,0,1.0,1.0,-1,0,0
init_layout_dummy_random,212,data/dummy.json,10.700000047683716,0.5,0.2999999523162842,0,0.10000002384185791,6.899999976158142,17.100000023841858,1,1,1,1,5.614429247074667e-16,0,0,0,1.0,1.0,0,1.0,1.0,-1,0,0
init_layout_dummy_random,213,data/dummy.json,10.700000047683716,0.5,0.2999999523162842,0,0.10000002384185791,6.899999976158142,14.399999976158142,1,1,1,1,5.488433703547816e-16,0,0,0,1.0,1.0,0,1.0,1.0,-1,0,0
init_layout_dummy_random,214,data/dummy.json,10.700000047683716,0.5,0.2999999523162842,0,0.10000002384185791,6.899999976158142,15.200000047683716,1,1,1,1,5.355442855253189e-16,0,0,0,1.0,1.0,0,1.0,1.0,-1,0,0
init_layout_dummy_random,215,data/dummy.json,10.700000047683716,0.5,0.2999999523162842,0,0.10000002384185791,6.899999976158142,16.299999952316284,1,1,1,1,5.230126551181621e-16,0,0,0,1.0,1.0,0,1.0,1.0,-1,0,0
init_layout_dummy_random,216,data/dummy.json,10.700000047683716,0.5,0.2999999523162842,0,0.10000002384185791,6.899999976158142,15.600000023841858,1,1,1,1,5.104811067912827e-16,0,0,0,1.0,1.0,0,1.0,1.0,-1,0,0
init_layout_dummy_random,217,data/dummy.json,10.700000047683716,0.5,0.2999999523162842,0,0.10000002384185791,6.899999976158142,15.399999976158142,1,1,1,1,4.987159535083129e-16,0,0,0,1.0,1.0,0,1.0,1.0,-1,0,0
init_layout_dummy_random,218,data/dummy.json,10.700000047683716,0.5,0.2999999523162842,0,0.10000002384185791,6.899999976158142,15.600000023841858,1,1,1,1,4.854807669772744e-16,0,0,0,1.0,1.0,0,1.0,1.0,-1,0,0
init_layout_dummy_random,219,data/dummy.json,10.700000047683716,0.5,0.2999999523162842,0,0.10000002384185791,6.899999976158142,14.799999952316284,1,1,1,1,4.751233745167019e-16,0,0,0,1.0,1.0,0,1.0,1.0,-1,0,0
init_layout_dummy_random,220,data/dummy.json,10.700000047683716,0.5,0.2999999523162842,0,0.10000002384185791,6.899999976158142,15.5,1,1,1,1,4.64828858279099e-16,0,0,0,1.0,1.0,0,1.0,1.0,-1,0,0
init_layout_dummy_random,221,data/dummy.json,10.700000047683716,0.5,0.2999999523162842,0,0.10000002384185791,6.899999976158142,16.40000009536743,1,1,1,1,4.545347596634737e-16,0,0,0,1.0,1.0,0,1.0,1.0,-1,0,0
init_layout_dummy_random,222,data/dummy.json,10.700000047683716,0.5,0.2999999523162842,0,0.10000002384185791,6.899999976158142,15.600000023841858,1,1,1,1,4.445924349973476e-16,0,0,0,1.0,1.0,0,1.0,1.0,-1,0,0
init_layout_dummy_random,223,data/dummy.json,10.700000047683716,0.5,0.2999999523162842,0,0.10000002384185791,6.899999976158142,15.799999952316284,1,1,1,1,4.346501208066819e-16,0,0,0,1.0,1.0,0,1.0,1.0,-1,0,0
init_layout_dummy_random,224,data/dummy.json,10.700000047683716,0.5,0.2999999523162842,0,0.10000002384185791,6.899999976158142,15.899999976158142,1,1,1,1,4.251256211572648e-16,0,0,0,1.0,1.0,0,1.0,1.0,-1,0,0
init_layout_dummy_random,225,data/dummy.json,10.700000047683716,0.5,0.2999999523162842,0,0.10000002384185791,6.899999976158142,15.300000071525574,1,1,1,1,4.144144010948425e-16,0,0,0,1.0,1.0,0,1.0,1.0,-1,0,0
init_layout_dummy_random,226,data/dummy.json,10.700000047683716,0.5,0.2999999523162842,0,0.10000002384185791,6.899999976158142,16,1,1,1,1,4.0555850052749043e-16,0,0,0,1.0,1.0,0,1.0,1.0,-1,0,0
init_layout_dummy_random,227,data/dummy.json,10.700000047683716,0.5,0.2999999523162842,0,0.10000002384185791,6.899999976158142,14.799999952316284,1,1,1,1,3.9596760975752145e-16,0,0,0,1.0,1.0,0,1.0,1.0,-1,0,0
init_layout_dummy_random,228,data/dummy.json,10.700000047683716,0.5,0.2999999523162842,0,0.10000002384185791,6.899999976158142,15.699999928474426,1,1,1,1,3.8714446084162505e-16,0,0,0,1.0,1.0,0,1.0,1.0,-1,0,0
init_layout_dummy_random,229,data/dummy.json,10.700000047683716,0.5,0.2999999523162842,0,0.10000002384185791,6.899999976158142,15.399999976158142,1,1,1,1,3.7755350824867584e-16,0,0,0,1.0,1.0,0,1.0,1.0,-1,0,0
init_layout_dummy_random,230,data/dummy.json,10.700000047683716,0.5,0.2999999523162842,0,0.10000002384185791,6.899999976158142,15.899999976158142,1,1,1,1,3.698170070363348e-16,0,0,0,1.0,1.0,0,1.0,1.0,-1,0,0
init_layout_dummy_random,231,data/dummy.json,10.700000047683716,0.5,0.2999999523162842,0,0.10000002384185791,6.899999976158142,14.700000047683716,1,1,1,1,3.616969582854654e-16,0,0,0,1.0,1.0,0,1.0,1.0,-1,0,0
init_layout_dummy_random,232,data/dummy.json,10.700000047683716,0.5,0.2999999523162842,0,0.10000002384185791,6.899999976158142,15.700000047683716,1,1,1,1,3.528734567483363e-16,0,0,0,1.0,1.0,0,1.0,1.0,-1,0,0
init_layout_dummy_random,233,data/dummy.json,10.700000047683716,0.5,0.2999999523162842,0,0.10000002384185791,6.899999976158142,16.5,1,1,1,1,3.4513695741942075e-16,0,0,0,1.0,1.0,0,1.0,1.0,-1,0,0
init_layout_dummy_random,234,data/dummy.json,10.700000047683716,0.5,0.2999999523162842,0,0.10000002384185791,6.899999976158142,14.5,1,1,1,1,3.3775226451939384e-16,0,0,0,1.0,1.0,0,1.0,1.0,-1,0,0
init_layout_dummy_random,235,data/dummy.json,10.700000047683716,0.5,0.2999999523162842,0,0.10000002384185791,6.899999976158142,16.100000023841858,1,1,1,1,3.292804927371921e-16,0,0,0,1.0,1.0,0,1.0,1.0,-1,0,0
init_layout_dummy_random,236,data/dummy.json,10.700000047683716,0.5,0.2999999523162842,0,0.10000002384185791,6.899999976158142,15.5,1,1,1,1,3.2192747564166567e-16,0,0,0,1.0,1.0,0,1.0,1.0,-1,0,0
init_layout_dummy_random,237,data/dummy.json,10.700000047683716,0.5,0.2999999523162842,0,0.10000002384185791,6.899999976158142,15.699999928474426,1,1,1,1,3.1492627883866905e-16,0,0,0,1.0,1.0,0,1.0,1.0,-1,0,0
init_layout_dummy_random,238,data/dummy.json,10.700000047683716,0.5,0.2999999523162842,0,0.10000002384185791,6.899999976158142,15.600000023841858,1,1,1,1,3.075735167723537e-16,0,0,0,1.0,1.0,0,1.0,1.0,-1,0,0
init_layout_dummy_random,239,data/dummy.json,10.700000047683716,0.5,0.2999999523162842,0,0.10000002384185791,6.899999976158142,15.899999976158142,1,1,1,1,3.0022110001734944e-16,0,0,0,1.0,1.0,0,1.0,1.0,-1,0,0
init_layout_dummy_random,240,data/dummy.json,10.700000047683716,0.5,0.2999999523162842,0,0.10000002384185791,6.899999976158142,15.399999976158142,1,1,1,1,2.939550225696401e-16,0,0,0,1.0,1.0,0,1.0,1.0,-1,0,0
init_layout_dummy_random,241,data/dummy.json,10.700000047683716,0.5,0.2999999523162842,0,0.10000002384185791,6.899999976158142,15.599999904632568,1,1,1,1,2.873050885305244e-16,0,0,0,1.0,1.0,0,1.0,1.0,-1,0,0
init_layout_dummy_random,242,data/dummy.json,10.700000047683716,0.5,0.2999999523162842,0,0.10000002384185791,6.899999976158142,16.600000023841858,1,1,1,1,2.8065584978017495e-16,0,0,0,1.0,1.0,0,1.0,1.0,-1,0,0
init_layout_dummy_random,243,data/dummy.json,10.700000047683716,0.5,0.2999999523162842,0,0.10000002384185791,6.899999976158142,14.899999976158142,1,1,1,1,2.740073569355696e-16,0,0,0,1.0,1.0,0,1.0,1.0,-1,0,0
init_layout_dummy_random,244,data/dummy.json,10.700000047683716,0.5,0.2999999523162842,0,0.10000002384185791,6.899999976158142,15.399999976158142,1,1,1,1,2.6774179801779233e-16,0,0,0,1.0,1.0,0,1.0,1.0,-1,0,0
init_layout_dummy_random,245,data/dummy.json,10.700000047683716,0.5,0.2999999523162842,0,0.10000002384185791,6.899999976158142,17.100000023841858,1,1,1,1,2.6115448136381616e-16,0,0,0,1.0,1.0,0,1.0,1.0,-1,0,0
init_layout_dummy_random,246,data/dummy.json,10.700000047683716,0.5,0.2999999523162842,0,0.10000002384185791,6.899999976158142,15,1,1,1,1,2.552723841930792e-16,0,0,0,1.0,1.0,0,1.0,1.0,-1,0,0
init_layout_dummy_random,247,data/dummy.json,10.700000047683716,0.5,0.2999999523162842,0,0.10000002384185791,6.899999976158142,15.699999928474426,1,1,1,1,2.497416267607706e-16,0,0,0,1.0,1.0,0,1.0,1.0,-1,0,0
init_layout_dummy_random,248,data/dummy.json,10.700000047683716,0.5,0.2999999523162842,0,0.10000002384185791,6.899999976158142,15.200000047683716,1,1,1,1,2.442109305572913e-16,0,0,0,1.0,1.0,0,1.0,1.0,-1,0,0
init_layout_dummy_random,249,data/dummy.json,10.700000047683716,0.5,0.2999999523162842,0,0.10000002384185791,6.899999976158142,15.699999928474426,1,1,1,1,2.3868029983902165e-16,0,0,0,1.0,1.0,0,1.0,1.0,-1,0,0
init_layout_dummy_random,250,data/dummy.json,10.700000047683716,0.5,0.2999999523162842,0,0.10000002384185791,6.899999976158142,15.899999976158142,1,1,1,1,2.3314973926615805e-16,0,0,0,1.0,1.0,0,1.0,1.0,-1,0,0
init_layout_dummy_random,251,data/dummy.json,10.700000047683716,0.5,0.2999999523162842,0,0.10000002384185791,6.899999976158142,15.899999976158142,1,1,1,1,2.283545864129083e-16,0,0,0,1.0,1.0,0,1.0,1.0,-1,0,0
init_layout_dummy_random,252,data/dummy.json,10.700000047683716,0.5,0.2999999523162842,0,0.10000002384185791,6.899999976158142,15,1,1,1,1,2.2264804132870765e-16,0,0,0,1.0,1.0,0,1.0,1.0,-1,0,0
init_layout_dummy_random,253,data/dummy.json,10.700000047683716,0.5,0.2999999523162842,0,0.10000002384185791,6.899999976158142,14.100000023841858,1,1,1,1,2.1750086148598932e-16,0,0,0,1.0,1.0,0,1.0,1.0,-1,0,0
init_layout_dummy_random,254,data/dummy.json,10.700000047683716,0.5,0.2999999523162842,0,0.10000002384185791,6.899999976158142,15.899999976158142,1,1,1,1,2.129135456449922e-16,0,0,0,1.0,1.0,0,1.0,1.0,-1,0,0
init_layout_dummy_random,255,data/dummy.json,10.700000047683716,0.5,0.2999999523162842,0,0.10000002384185791,6.899999976158142,14.599999904632568,1,1,1,1,2.0755850403212657e-16,0,0,0,1.0,1.0,0,1.0,1.0,-1,0,0
init_layout_dummy_random,256,data/dummy.json,10.700000047683716,0.5,0.2999999523162842,0,0.10000002384185791,6.899999976158142,16.300000071525574,1,1,1,1,2.0314687744477207e-16,0,0,0,1.0,1.0,0,1.0,1.0,-1,0,0
init_layout_dummy_random,257,data/dummy.json,10.700000047683716,0.5,0.2999999523162842,0,0.10000002384185791,6.899999976158142,14.5,1,1,1,1,1.9854336469789048e-16,0,0,0,1.0,1.0,0,1.0,1.0,-1,0,0
init_layout_dummy_random,258,data/dummy.json,10.700000047683716,0.5,0.2999999523162842,0,0.10000002384185791,6.899999976158142,15.5,1,1,1,1,1.939398541317953e-16,0,0,0,1.0,1.0,0,1.0,1.0,-1,0,0
init_layout_dummy_random,259,data/dummy.json,10.700000047683716,0.5,0.2999999523162842,0,0.10000002384185791,6.899999976158142,14.600000023841858,1,1,1,1,1.8951202946358782e-16,0,0,0,1.0,1.0,0,1.0,1.0,-1,0,0
init_layout_dummy_random,260,data/dummy.json,10.700000047683716,0.5,0.2999999523162842,0,0.10000002384185791,6.899999976158142,15.5,1,1,1,1,1.852761417649043e-16,0,0,0,1.0,1.0,0,1.0,1.0,-1,0,0
init_layout_dummy_random,261,data/dummy.json,10.700000047683716,0.5,0.2999999523162842,0,0.10000002384185791,6.899999976158142,14.600000023841858,1,1,1,1,1.8140789363404022e-16,0,0,0,1.0,1.0,0,1.0,1.0,-1,0,0
init_layout_dummy_random,262,data/dummy.json,10.700000047683716,0.5,0.2999999523162842,0,0.10000002384185791,6.899999976158142,15.5,1,1,1,1,1.7734790432081696e-16,0,0,0,1.0,1.0,0,1.0,1.0,-1,0,0
init_layout_dummy_random,263,data/dummy.json,10.700000047683716,0.5,0.2999999523162842,0,0.10000002384185791,6.899999976158142,16.100000023841858,1,1,1,1,1.732881305711399e-16,0,0,0,1.0,1.0,0,1.0,1.0,-1,0,0
init_layout_dummy_random,264,data/dummy.json,10.700000047683716,0.5,0.2999999523162842,0,0.10000002384185791,6.899999976158142,14.600000023841858,1,1,1,1,1.6941992790844547e-16,0,0,0,1.0,1.0,0,1.0,1.0,-1,0,0
init_layout_dummy_random,265,data/dummy.json,10.700000047683716,0.5,0.2999999523162842,0,0.10000002384185791,6.899999976158142,15.700000047683716,1,1,1,1,1.6574322832215147e-16,0,0,0,1.0,1.0,0,1.0,1.0,-1,0,0
init_layout_dummy_random,266,data/dummy.json,10.700000047683716,0.5,0.2999999523162842,0,0.10000002384185791,6.899999976158142,13.599999904632568,1,1,1,1,1.6169902717171188e-16,0,0,0,1.0,1.0,0,1.0,1.0,-1,0,0
init_layout_dummy_random,267,data/dummy.json,10.700000047683716,0.5,0.2999999523162842,0,0.10000002384185791,6.899999976158142,15.899999976158142,1,1,1,1,1.5800679049323557e-16,0,0,0,1.0,1.0,0,1.0,1.0,-1,0,0
init_layout_dummy_random,268,data/dummy.json,10.700000047683716,0.5,0.2999999523162842,0,0.10000002384185791,6.899999976158142,15.299999952316284,1,1,1,1,1.5433019831721967e-16,0,0,0,1.0,1.0,0,1.0,1.0,-1,0,0
init_layout_dummy_random,269,data/dummy.json,10.700000047683716,0.5,0.2999999523162842,0,0.10000002384185791,6.899999976158142,16.200000047683716,1,1,1,1,1.5082961747863703e-16,0,0,0,1.0,1.0,0,1.0,1.0,-1,0,0
init_layout_dummy_random,270,data/dummy.json,10.700000047683716,0.5,0.2999999523162842,0,0.10000002384185791,6.899999976158142,14.199999928474426,1,1,1,1,1.4732904456582707e-16,0,0,0,1.0,1.0,0,1.0,1.0,-1,0,0
init_layout_dummy_random,271,data/dummy.json,10.700000047683716,0.5,0.2999999523162842,0,0.10000002384185791,6.899999976158142,16.799999952316284,1,1,1,1,1.4400467128498203e-16,0,0,0,1.0,1.0,0,1.0,1.0,-1,0,0
init_layout_dummy_random,272,data/dummy.json,10.700000047683716,0.5,0.2999999523162842,0,0.10000002384185791,6.899999976158142,14.200000047683716,1,1,1,1,1.4069559209942886e-16,0,0,0,1.0,1.0,0,1.0,1.0,-1,0,0
init_layout_dummy_random,273,data/dummy.json,10.700000047683716,0.5,0.2999999523162842,0,0.10000002384185791,6.899999976158142,15.900000095367432,1,1,1,1,1.3757847349063707e-16,0,0,0,1.0,1.0,0,1.0,1.0,-1,0,0
init_layout_dummy_random,274,data/dummy.json,10.700000047683716,0.5,0.2999999523162842,0,0.10000002384185791,6.899999976158142,13.399999976158142,1,1,1,1,1.342698662817898e-16,0,0,0,1.0,1.0,0,1.0,1.0,-1,0,0
init_layout_dummy_random,275,data/dummy.json,10.700000047683716,0.5,0.2999999523162842,0,0.10000002384185791,6.899999976158142,16.300000071525574,1,1,1,1,1.313290220334377e-16,0,0,0,1.0,1.0,0,1.0,1.0,-1,0,0
init_layout_dummy_random,276,data/dummy.json,10.700000047683716,0.5,0.2999999523162842,0,0.10000002384185791,6.899999976158142,14.199999928474426,1,1,1,1,1.2800381594179048e-16,0,0,0,1.0,1.0,0,1.0,1.0,-1,0,0
init_layout_dummy_random,277,data/dummy.json,10.700000047683716,0.5,0.2999999523162842,0,0.10000002384185791,6.899999976158142,16.799999952316284,1,1,1,1,1.2506288555273157e-16,0,0,0,1.0,1.0,0,1.0,1.0,-1,0,0
init_layout_dummy_random,278,data/dummy.json,10.700000047683716,0.5,0.2999999523162842,0,0.10000002384185791,6.899999976158142,14.399999976158142,1,1,1,1,1.2229745141995986e-16,0,0,0,1.0,1.0,0,1.0,1.0,-1,0,0
init_layout_dummy_random,279,data/dummy.json,10.700000047683716,0.5,0.2999999523162842,0,0.10000002384185791,6.899999976158142,14.799999952316284,1,1,1,1,1.19724200036496e-16,0,0,0,1.0,1.0,0,1.0,1.0,-1,0,0
init_layout_dummy_random,280,data/dummy.json,10.700000047683716,0.5,0.2999999523162842,0,0.10000002384185791,6.899999976158142,15,1,1,1,1,1.1695873738352993e-16,0,0,0,1.0,1.0,0,1.0,1.0,-1,0,0
init_layout_dummy_random,281,data/dummy.json,10.700000047683716,0.5,0.2999999523162842,0,0.10000002384185791,6.899999976158142,15.5,1,1,1,1,1.1417729320645416e-16,0,0,0,1.0,1.0,0,1.0,1.0,-1,0,0
init_layout_dummy_random,282,data/dummy.json,10.700000047683716,0.5,0.2999999523162842,0,0.10000002384185791,6.899999976158142,15.399999976158142,1,1,1,1,1.1160367446850579e-16,0,0,0,1.0,1.0,0,1.0,1.0,-1,0,0
init_layout_dummy_random,283,data/dummy.json,10.700000047683716,0.5,0.2999999523162842,0,0.10000002384185791,6.899999976158142,15.700000047683716,1,1,1,1,1.0922219752686179e-16,0,0,0,1.0,1.0,0,1.0,1.0,-1,0,0
init_layout_dummy_random,284,data/dummy.json,10.700000047683716,0.5,0.2999999523162842,0,0.10000002384185791,6.899999976158142,15.5,1,1,1,1,1.0663248691762945e-16,0,0,0,1.0,1.0,0,1.0,1.0,-1,0,0
init_layout_dummy_random,285,data/dummy.json,10.700000047683716,0.5,0.2999999523162842,0,0.10000002384185791,6.899999976158142,15.600000023841858,1,1,1,1,1.04234869819774e-16,0,0,0,1.0,1.0,0,1.0,1.0,-1,0,0
init_layout_dummy_random,286,data/dummy.json,10.700000047683716,0.5,0.2999999523162842,0,0.10000002384185791,6.899999976158142,15,1,1,1,1,1.0174926795060001e-16,0,0,0,1.0,1.0,0,1.0,1.0,-1,0,0
init_layout_dummy_random,287,data/dummy.json,10.700000047683716,0.5,0.2999999523162842,0,0.10000002384185791,6.899999976158142,15.899999976158142,1,1,1,1,9.944749614388129e-17,0,0,0,1.0,1.0,0,1.0,1.0,-1,0,0
init_layout_dummy_random,288,data/dummy.json,10.700000047683716,0.5,0.2999999523162842,0,0.10000002384185791,6.899999976158142,15.200000047683716,1,1,1,1,9.705777848090235e-17,0,0,0,1.0,1.0,0,1.0,1.0,-1,0,0
init_layout_dummy_random,289,data/dummy.json,10.700000047683716,0.5,0.2999999523162842,0,0.10000002384185791,6.899999976158142,15.600000023841858,1,1,1,1,9.485198458863512e-17,0,0,0,1.0,1.0,0,1.0,1.0,-1,0,0
init_layout_dummy_random,290,data/dummy.json,10.700000047683716,0.5,0.2999999523162842,0,0.10000002384185791,6.899999976158142,15.600000023841858,1,1,1,1,9.273404217721405e-17,0,0,0,1.0,1.0,0,1.0,1.0,-1,0,0
init_layout_dummy_random,291,data/dummy.json,10.700000047683716,0.5,0.2999999523162842,0,0.10000002384185791,6.899999976158142,16.799999952316284,1,1,1,1,9.079991174708023e-17,0,0,0,1.0,1.0,0,1.0,1.0,-1,0,0
init_layout_dummy_random,292,data/dummy.json,10.700000047683716,0.5,0.2999999523162842,0,0.10000002384185791,6.899999976158142,14.300000071525574,1,1,1,1,8.858600293199862e-17,0,0,0,1.0,1.0,0,1.0,1.0,-1,0,0
init_layout_dummy_random,293,data/dummy.json,10.700000047683716,0.5,0.2999999523162842,0,0.10000002384185791,6.899999976158142,16,1,1,1,1,8.64680590486267e-17,0,0,0,1.0,1.0,0,1.0,1.0,-1,0,0
init_layout_dummy_random,294,data/dummy.json,10.700000047683716,0.5,0.2999999523162842,0,0.10000002384185791,6.899999976158142,15.100000023841858,1,1,1,1,8.471775674780676e-17,0,0,0,1.0,1.0,0,1.0,1.0,-1,0,0
init_layout_dummy_random,295,data/dummy.json,10.700000047683716,0.5,0.2999999523162842,0,0.10000002384185791,6.899999976158142,16.100000023841858,1,1,1,1,8.296745746421476e-17,0,0,0,1.0,1.0,0,1.0,1.0,-1,0,0
init_layout_dummy_random,296,data/dummy.json,10.700000047683716,0.5,0.2999999523162842,0,0.10000002384185791,6.899999976158142,15.100000023841858,1,1,1,1,8.094545085965759e-17,0,0,0,1.0,1.0,0,1.0,1.0,-1,0,0
init_layout_dummy_random,297,data/dummy.json,10.700000047683716,0.5,0.2999999523162842,0,0.10000002384185791,6.899999976158142,16.200000047683716,1,1,1,1,7.901132239922039e-17,0,0,0,1.0,1.0,0,1.0,1.0,-1,0,0
init_layout_dummy_random,298,data/dummy.json,10.700000047683716,0.5,0.2999999523162842,0,0.10000002384185791,6.899999976158142,13.699999928474426,1,1,1,1,7.707719446190269e-17,0,0,0,1.0,1.0,0,1.0,1.0,-1,0,0
init_layout_dummy_random,299,data/dummy.json,10.700000047683716,0.5,0.2999999523162842,0,0.10000002384185791,6.899999976158142,15.399999976158142,1,1,1,1,7.532688393451305e-17,0,0,0,1.0,1.0,0,1.0,1.0,-1,0,0
init_layout_dummy_random,300,data/dummy.json,10.700000047683716,0.5,0.2999999523162842,0,0.10000002384185791,6.899999976158142,15.799999952316284,1,1,1,1,7.375259278951368e-17,0,0,0,1.0,1.0,0,1.0,1.0,-1,0,0
